grid,Category,Venue,Venue Longitude,Venue Latitude,Venue Category
"14,12",Burger Joint,85 Ozo Maison Burger,2.247355878,48.89774165,['Retail']
"15,12",Burger Joint,85 Ozo Maison Burger,2.247355878,48.89774165,['Retail']
"14,12",Convenience Store,A2Pas,2.247108,48.898023,['Retail']
"15,12",Convenience Store,A2Pas,2.247108,48.898023,['Retail']
"3,3",Lebanese Restaurant,Al Siwan,2.231777608,48.88887853,['Retail']
"4,3",Lebanese Restaurant,Al Siwan,2.231777608,48.88887853,['Retail']
"3,4",Lebanese Restaurant,Al Siwan,2.231777608,48.88887853,['Retail']
"4,4",Lebanese Restaurant,Al Siwan,2.231777608,48.88887853,['Retail']
"14,7",Bistro,Alfred'S Café,2.246313151,48.89338914,['Retail']
"15,7",Bistro,Alfred'S Café,2.246313151,48.89338914,['Retail']
"14,8",Bistro,Alfred'S Café,2.246313151,48.89338914,['Retail']
"15,8",Bistro,Alfred'S Café,2.246313151,48.89338914,['Retail']
"9,9",Plaza,Allée de l'Arche,2.23929616,48.89485216,['Landmarks and Outdoors']
"10,9",Plaza,Allée de l'Arche,2.23929616,48.89485216,['Landmarks and Outdoors']
"9,10",Plaza,Allée de l'Arche,2.23929616,48.89485216,['Landmarks and Outdoors']
"10,10",Plaza,Allée de l'Arche,2.23929616,48.89485216,['Landmarks and Outdoors']
"14,8",Lebanese Restaurant,Alyssa,2.247416,48.893828,['Retail']
"15,8",Lebanese Restaurant,Alyssa,2.247416,48.893828,['Retail']
"14,9",Lebanese Restaurant,Alyssa,2.247416,48.893828,['Retail']
"15,9",Lebanese Restaurant,Alyssa,2.247416,48.893828,['Retail']
"15,2",Fast Food Restaurant,Ankka,2.247593,48.88789,['Retail']
"16,2",Fast Food Restaurant,Ankka,2.247593,48.88789,['Retail']
"15,3",Fast Food Restaurant,Ankka,2.247593,48.88789,['Retail']
"16,3",Fast Food Restaurant,Ankka,2.247593,48.88789,['Retail']
"15,2",Wine Store,Apogé,2.248301,48.888249,['Retail']
"16,2",Wine Store,Apogé,2.248301,48.888249,['Retail']
"15,3",Wine Store,Apogé,2.248301,48.888249,['Retail']
"16,3",Wine Store,Apogé,2.248301,48.888249,['Retail']
"8,5",Electronics Store,Apple Store,2.2371343,48.890078,['Retail']
"10,12",Turkish Restaurant,Arda Kebab,2.240516245,48.89779807,['Retail']
"0,10",Burger Joint,Aréna Café,2.226179922,48.89539805,['Retail']
"0,11",Burger Joint,Aréna Café,2.226179922,48.89539805,['Retail']
"7,10",Fast Food Restaurant,Aubrac Corner la Defense,2.236935496,48.89585136,['Retail']
"8,10",Fast Food Restaurant,Aubrac Corner la Defense,2.236935496,48.89585136,['Retail']
"7,11",Fast Food Restaurant,Aubrac Corner la Defense,2.236935496,48.89585136,['Retail']
"8,11",Fast Food Restaurant,Aubrac Corner la Defense,2.236935496,48.89585136,['Retail']
"6,5",Grocery Store / Supermarket,Auchan,2.2350577,48.8912385,['Retail']
"7,5",Grocery Store / Supermarket,Auchan,2.2350577,48.8912385,['Retail']
"6,6",Grocery Store / Supermarket,Auchan,2.2350577,48.8912385,['Retail']
"7,6",Grocery Store / Supermarket,Auchan,2.2350577,48.8912385,['Retail']
"3,3",Moroccan Restaurant,Aux Delices de Puteaux,2.231247872,48.8891323,['Retail']
"4,3",Moroccan Restaurant,Aux Delices de Puteaux,2.231247872,48.8891323,['Retail']
"3,4",Moroccan Restaurant,Aux Delices de Puteaux,2.231247872,48.8891323,['Retail']
"4,4",Moroccan Restaurant,Aux Delices de Puteaux,2.231247872,48.8891323,['Retail']
"0,11",Financial Service,AXA France Services,2.227746248,48.89641828,['Business and Professional Services']
"1,11",Financial Service,AXA France Services,2.227746248,48.89641828,['Business and Professional Services']
"0,12",Financial Service,AXA France Services,2.227746248,48.89641828,['Business and Professional Services']
"1,12",Financial Service,AXA France Services,2.227746248,48.89641828,['Business and Professional Services']
"8,9",Snack Place,Bar 6 Pullman,2.239072,48.894982,['Retail']
"9,9",Snack Place,Bar 6 Pullman,2.239072,48.894982,['Retail']
"8,10",Snack Place,Bar 6 Pullman,2.239072,48.894982,['Retail']
"9,10",Snack Place,Bar 6 Pullman,2.239072,48.894982,['Retail']
"16,2",Fountain,Bassin Takis,2.25030899,48.88797203,['Landmarks and Outdoors']
"17,2",Fountain,Bassin Takis,2.25030899,48.88797203,['Landmarks and Outdoors']
"16,3",Fountain,Bassin Takis,2.25030899,48.88797203,['Landmarks and Outdoors']
"17,3",Fountain,Bassin Takis,2.25030899,48.88797203,['Landmarks and Outdoors']
"16,10",Steakhouse,Beef Cut,2.249815464,48.89560096,['Retail']
"17,10",Steakhouse,Beef Cut,2.249815464,48.89560096,['Retail']
"16,11",Steakhouse,Beef Cut,2.249815464,48.89560096,['Retail']
"17,11",Steakhouse,Beef Cut,2.249815464,48.89560096,['Retail']
"7,5",Cupcake Shop,Berko,2.236507515,48.89109759,['Retail']
"7,6",Cupcake Shop,Berko,2.236507515,48.89109759,['Retail']
"3,6",Restaurant,Bert's,2.231049692,48.89204506,['Retail']
"4,6",Restaurant,Bert's,2.231049692,48.89204506,['Retail']
"13,6",Coffee Shop,Bert's,2.245078683,48.89190755,['Retail']
"14,6",Coffee Shop,Bert's,2.245078683,48.89190755,['Retail']
"3,7",Restaurant,Bert's,2.231049692,48.89204506,['Retail']
"4,7",Restaurant,Bert's,2.231049692,48.89204506,['Retail']
"13,7",Coffee Shop,Bert's,2.245078683,48.89190755,['Retail']
"14,7",Coffee Shop,Bert's,2.245078683,48.89190755,['Retail']
"2,10",French Restaurant,Bib & Guss,2.229966,48.894712,['Retail']
"3,10",French Restaurant,Bib & Guss,2.229966,48.894712,['Retail']
"3,9",Burger Joint,Big Fernand,2.231201,48.894314,['Retail']
"4,9",Burger Joint,Big Fernand,2.231201,48.894314,['Retail']
"18,3",French Restaurant,Bistro d'Édouard,2.252402045,48.88956618,['Retail']
"19,3",French Restaurant,Bistro d'Édouard,2.252402045,48.88956618,['Retail']
"18,4",French Restaurant,Bistro d'Édouard,2.252402045,48.88956618,['Retail']
"19,4",French Restaurant,Bistro d'Édouard,2.252402045,48.88956618,['Retail']
"7,10",French Restaurant,Bistro du Faubourg,2.23745048,48.89618287,['Retail']
"8,10",French Restaurant,Bistro du Faubourg,2.23745048,48.89618287,['Retail']
"7,11",French Restaurant,Bistro du Faubourg,2.23745048,48.89618287,['Retail']
"8,11",French Restaurant,Bistro du Faubourg,2.23745048,48.89618287,['Retail']
"1,0",Bank,BNP Paribas,2.227883842,48.8852506,['Business and Professional Services']
"10,11",Bakery,Boulangerie Pâtisserie Tiznit,2.240545079,48.89647717,['Retail']
"11,11",Bakery,Boulangerie Pâtisserie Tiznit,2.240545079,48.89647717,['Retail']
"10,12",Bakery,Boulangerie Pâtisserie Tiznit,2.240545079,48.89647717,['Retail']
"11,12",Bakery,Boulangerie Pâtisserie Tiznit,2.240545079,48.89647717,['Retail']
"19,8",Bowling Alley,Bowling Charras,2.253300234,48.89409836,['Landmarks and Outdoors']
"19,9",Bowling Alley,Bowling Charras,2.253300234,48.89409836,['Landmarks and Outdoors']
"17,0",French Restaurant,Brasserie le Paris Défense,2.250990272,48.88602493,['Retail']
"18,0",French Restaurant,Brasserie le Paris Défense,2.250990272,48.88602493,['Retail']
"17,1",French Restaurant,Brasserie le Paris Défense,2.250990272,48.88602493,['Retail']
"18,1",French Restaurant,Brasserie le Paris Défense,2.250990272,48.88602493,['Retail']
"7,5",Fast Food Restaurant,Bretzel Love,2.23594802,48.89107702,['Retail']
"7,6",Fast Food Restaurant,Bretzel Love,2.23594802,48.89107702,['Retail']
"6,5",Bakery,Brioche Dorée,2.235785408,48.89098168,['Retail']
"7,5",Bakery,Brioche Dorée,2.235785408,48.89098168,['Retail']
"6,6",Bakery,Brioche Dorée,2.235785408,48.89098168,['Retail']
"7,6",Bakery,Brioche Dorée,2.235785408,48.89098168,['Retail']
"14,12",Creperie,Brother's Crêpes & Café,2.247135937,48.89796206,[]
"15,12",Creperie,Brother's Crêpes & Café,2.247135937,48.89796206,[]
"2,5",Café,Café Chassagne,2.230053611,48.89135666,['Retail']
"3,5",Café,Café Chassagne,2.230053611,48.89135666,['Retail']
"2,6",Café,Café Chassagne,2.230053611,48.89135666,['Retail']
"3,6",Café,Café Chassagne,2.230053611,48.89135666,['Retail']
"12,0",Café,Caffe Chic,2.244332,48.885069,['Retail']
"13,0",Café,Caffe Chic,2.244332,48.885069,['Retail']
"18,9",Grocery Store / Supermarket,Carrefour Market,2.25261569,48.89454292,['Retail']
"19,9",Grocery Store / Supermarket,Carrefour Market,2.25261569,48.89454292,['Retail']
"10,6",Amusement Park,Carrousel Jules Vernes,2.241090238,48.89148045,['Landmarks and Outdoors']
"11,6",Amusement Park,Carrousel Jules Vernes,2.241090238,48.89148045,['Landmarks and Outdoors']
"7,5",Mexican Restaurant,Chipotle Mexican Grill,2.237639,48.8913475,['Retail']
"8,5",Mexican Restaurant,Chipotle Mexican Grill,2.237639,48.8913475,['Retail']
"7,6",Mexican Restaurant,Chipotle Mexican Grill,2.237639,48.8913475,['Retail']
"8,6",Mexican Restaurant,Chipotle Mexican Grill,2.237639,48.8913475,['Retail']
"7,11",Banking and Finance,CIC Courbevoie Vinci,2.236889136,48.8969147,['Business and Professional Services']
"8,11",Banking and Finance,CIC Courbevoie Vinci,2.236889136,48.8969147,['Business and Professional Services']
"7,12",Banking and Finance,CIC Courbevoie Vinci,2.236889136,48.8969147,['Business and Professional Services']
"8,12",Banking and Finance,CIC Courbevoie Vinci,2.236889136,48.8969147,['Business and Professional Services']
"9,7",Retail,Cnit,2.239295666,48.89249663,['Retail']
"10,7",Retail,Cnit,2.239295666,48.89249663,['Retail']
"9,8",Retail,Cnit,2.239295666,48.89249663,['Retail']
"10,8",Retail,Cnit,2.239295666,48.89249663,['Retail']
"10,6",Restaurant,Cojean,2.240813971,48.89164732,['Retail']
"11,6",Restaurant,Cojean,2.240813971,48.89164732,['Retail']
"9,7",Fast Food Restaurant,Cojean,2.2397089,48.89305811,['Retail']
"10,7",Fast Food Restaurant,Cojean,2.2397089,48.89305811,['Retail']
"10,7",Restaurant,Cojean,2.240813971,48.89164732,['Retail']
"11,7",Restaurant,Cojean,2.240813971,48.89164732,['Retail']
"9,8",Fast Food Restaurant,Cojean,2.2397089,48.89305811,['Retail']
"10,8",Fast Food Restaurant,Cojean,2.2397089,48.89305811,['Retail']
"14,2",Plaza,Cours Michelet,2.247393429,48.8878764,['Landmarks and Outdoors']
"15,2",Plaza,Cours Michelet,2.247393429,48.8878764,['Landmarks and Outdoors']
"14,3",Plaza,Cours Michelet,2.247393429,48.8878764,['Landmarks and Outdoors']
"15,3",Plaza,Cours Michelet,2.247393429,48.8878764,['Landmarks and Outdoors']
"4,6",Plaza,Cours Valmy,2.232284546,48.89217637,['Landmarks and Outdoors']
"5,6",Plaza,Cours Valmy,2.232284546,48.89217637,['Landmarks and Outdoors']
"4,7",Plaza,Cours Valmy,2.232284546,48.89217637,['Landmarks and Outdoors']
"5,7",Plaza,Cours Valmy,2.232284546,48.89217637,['Landmarks and Outdoors']
"7,10",Burger Joint,Day's Café,2.237275332,48.89559794,['Retail']
"8,10",Burger Joint,Day's Café,2.237275332,48.89559794,['Retail']
"7,11",Burger Joint,Day's Café,2.237275332,48.89559794,['Retail']
"8,11",Burger Joint,Day's Café,2.237275332,48.89559794,['Retail']
"9,7",Clothing Store,Décathlon,2.239547968,48.89259961,['Retail']
"10,7",Clothing Store,Décathlon,2.239547968,48.89259961,['Retail']
"9,8",Clothing Store,Décathlon,2.239547968,48.89259961,['Retail']
"10,8",Clothing Store,Décathlon,2.239547968,48.89259961,['Retail']
"15,2",Bar,Duke Burger House,2.247835867,48.88788146,['Retail']
"15,3",Bar,Duke Burger House,2.247835867,48.88788146,['Retail']
"18,4",Chinese Restaurant,Dynasty 168,2.252025604,48.89026823,['Retail']
"19,4",Chinese Restaurant,Dynasty 168,2.252025604,48.89026823,['Retail']
"18,5",Chinese Restaurant,Dynasty 168,2.252025604,48.89026823,['Retail']
"19,5",Chinese Restaurant,Dynasty 168,2.252025604,48.89026823,['Retail']
"14,4",Fast Food Restaurant,El Karim,2.247172642,48.88981711,['Retail']
"15,4",Fast Food Restaurant,El Karim,2.247172642,48.88981711,['Retail']
"14,5",Fast Food Restaurant,El Karim,2.247172642,48.88981711,['Retail']
"15,5",Fast Food Restaurant,El Karim,2.247172642,48.88981711,['Retail']
"15,2",Pedestrian Plaza,Esplanade du Général de Gaulle,2.248034477,48.88860693,['Landmarks and Outdoors']
"16,2",Pedestrian Plaza,Esplanade du Général de Gaulle,2.248034477,48.88860693,['Landmarks and Outdoors']
"15,3",Pedestrian Plaza,Esplanade du Général de Gaulle,2.248034477,48.88860693,['Landmarks and Outdoors']
"16,3",Pedestrian Plaza,Esplanade du Général de Gaulle,2.248034477,48.88860693,['Landmarks and Outdoors']
"7,10",Pedestrian Plaza,Esplanade Mona Lisa,2.23644197,48.89585059,['Landmarks and Outdoors']
"8,10",Pedestrian Plaza,Esplanade Mona Lisa,2.23644197,48.89585059,['Landmarks and Outdoors']
"7,11",Pedestrian Plaza,Esplanade Mona Lisa,2.23644197,48.89585059,['Landmarks and Outdoors']
"8,11",Pedestrian Plaza,Esplanade Mona Lisa,2.23644197,48.89585059,['Landmarks and Outdoors']
"4,7",Lounge,Executive Lounge de l'Hôtel Renaissance Paris la Défense,2.232963145,48.89263096,['Arts and Entertainment']
"5,7",Lounge,Executive Lounge de l'Hôtel Renaissance Paris la Défense,2.232963145,48.89263096,['Arts and Entertainment']
"4,8",Lounge,Executive Lounge de l'Hôtel Renaissance Paris la Défense,2.232963145,48.89263096,['Arts and Entertainment']
"5,8",Lounge,Executive Lounge de l'Hôtel Renaissance Paris la Défense,2.232963145,48.89263096,['Arts and Entertainment']
"12,3",Sandwich Restaurant,EXKi,2.243983001,48.88932436,['Retail']
"13,3",Sandwich Restaurant,EXKi,2.243983001,48.88932436,['Retail']
"12,4",Sandwich Restaurant,EXKi,2.243983001,48.88932436,['Retail']
"13,4",Sandwich Restaurant,EXKi,2.243983001,48.88932436,['Retail']
"5,6",Sandwich Restaurant,EXKi,2.234673053,48.89206155,['Retail']
"6,6",Sandwich Restaurant,EXKi,2.234673053,48.89206155,['Retail']
"5,7",Sandwich Restaurant,EXKi,2.234673053,48.89206155,['Retail']
"6,7",Sandwich Restaurant,EXKi,2.234673053,48.89206155,['Retail']
"2,6",Salad Restaurant,Express Granite,2.230217363,48.8919216,['Retail']
"3,6",Salad Restaurant,Express Granite,2.230217363,48.8919216,['Retail']
"2,7",Salad Restaurant,Express Granite,2.230217363,48.8919216,['Retail']
"3,7",Salad Restaurant,Express Granite,2.230217363,48.8919216,['Retail']
"9,7",Computers and Electronics Retail,Fnac,2.23958508,48.89262532,['Retail']
"10,7",Computers and Electronics Retail,Fnac,2.23958508,48.89262532,['Retail']
"9,8",Computers and Electronics Retail,Fnac,2.23958508,48.89262532,['Retail']
"10,8",Computers and Electronics Retail,Fnac,2.23958508,48.89262532,['Retail']
"11,4",Fountain,Fontaine Agam,2.24270761,48.8903811,['Landmarks and Outdoors']
"12,4",Fountain,Fontaine Agam,2.24270761,48.8903811,['Landmarks and Outdoors']
"11,5",Fountain,Fontaine Agam,2.24270761,48.8903811,['Landmarks and Outdoors']
"12,5",Fountain,Fontaine Agam,2.24270761,48.8903811,['Landmarks and Outdoors']
"7,5",Hair Salon,Franck Provost,2.237370014,48.89024354,['Retail']
"8,5",Hair Salon,Franck Provost,2.237370014,48.89024354,['Retail']
"4,7",Hair Salon,Franck Provost,2.232839,48.892505,['Retail']
"5,7",Hair Salon,Franck Provost,2.232839,48.892505,['Retail']
"4,8",Hair Salon,Franck Provost,2.232839,48.892505,['Retail']
"5,8",Hair Salon,Franck Provost,2.232839,48.892505,['Retail']
"16,4",Hair Salon,Franck Provost (Franck Provost - Coiffeur Courbevoie),2.249867,48.889706,['Retail']
"5,11",Hair Salon,Franck Provost (Franck Provost - Coiffeur Courbevoie),2.234603,48.896344,['Retail']
"6,11",Hair Salon,Franck Provost (Franck Provost - Coiffeur Courbevoie),2.234603,48.896344,['Retail']
"5,12",Hair Salon,Franck Provost (Franck Provost - Coiffeur Courbevoie),2.234603,48.896344,['Retail']
"6,12",Hair Salon,Franck Provost (Franck Provost - Coiffeur Courbevoie),2.234603,48.896344,['Retail']
"15,12",Food and Beverage Retail,Franprix,2.24799,48.89725,['Retail']
"16,12",Food and Beverage Retail,Franprix,2.24799,48.89725,['Retail']
"6,11",Turkish Restaurant,Grill Dehliz,2.235247008,48.89647811,['Retail']
"7,11",Turkish Restaurant,Grill Dehliz,2.235247008,48.89647811,['Retail']
"6,12",Turkish Restaurant,Grill Dehliz,2.235247008,48.89647811,['Retail']
"7,12",Turkish Restaurant,Grill Dehliz,2.235247008,48.89647811,['Retail']
"15,12",Fast Food Restaurant,Grill d'Istambul,2.247774303,48.89718444,['Retail']
"16,12",Fast Food Restaurant,Grill d'Istambul,2.247774303,48.89718444,['Retail']
"8,4",Clothing Store,H&M,2.238676035,48.89049293,['Retail']
"9,4",Clothing Store,H&M,2.238676035,48.89049293,['Retail']
"8,5",Clothing Store,H&M,2.238676035,48.89049293,['Retail']
"9,5",Clothing Store,H&M,2.238676035,48.89049293,['Retail']
"9,7",Furniture and Home Store,Habitat la Défense,2.239612,48.89267,['Retail']
"10,7",Furniture and Home Store,Habitat la Défense,2.239612,48.89267,['Retail']
"18,2",Breakfast Spot,ibis Breakfast Room (Petit Déjeuner @ Hôtel ibis Paris La Défense Centre),2.252460122,48.88830712,['Retail']
"19,2",Breakfast Spot,ibis Breakfast Room (Petit Déjeuner @ Hôtel ibis Paris La Défense Centre),2.252460122,48.88830712,['Retail']
"18,3",Breakfast Spot,ibis Breakfast Room (Petit Déjeuner @ Hôtel ibis Paris La Défense Centre),2.252460122,48.88830712,['Retail']
"19,3",Breakfast Spot,ibis Breakfast Room (Petit Déjeuner @ Hôtel ibis Paris La Défense Centre),2.252460122,48.88830712,['Retail']
"12,4",Italian Restaurant,IT Trattoria,2.243485,48.889989,['Retail']
"13,4",Italian Restaurant,IT Trattoria,2.243485,48.889989,['Retail']
"12,5",Italian Restaurant,IT Trattoria,2.243485,48.889989,['Retail']
"13,5",Italian Restaurant,IT Trattoria,2.243485,48.889989,['Retail']
"3,8",Garden,Jardins de l'Arche,2.23115855,48.89403754,['Landmarks and Outdoors']
"4,8",Garden,Jardins de l'Arche,2.23115855,48.89403754,['Landmarks and Outdoors']
"3,9",Garden,Jardins de l'Arche,2.23115855,48.89403754,['Landmarks and Outdoors']
"4,9",Garden,Jardins de l'Arche,2.23115855,48.89403754,['Landmarks and Outdoors']
"13,0",Hair Salon,Jean Louis David,2.245554775,48.88619193,['Retail']
"14,0",Hair Salon,Jean Louis David,2.245554775,48.88619193,['Retail']
"13,1",Hair Salon,Jean Louis David,2.245554775,48.88619193,['Retail']
"14,1",Hair Salon,Jean Louis David,2.245554775,48.88619193,['Retail']
"7,11",Hair Salon,Jean-Claude Biguine,2.237091064,48.89678946,['Retail']
"8,11",Hair Salon,Jean-Claude Biguine,2.237091064,48.89678946,['Retail']
"7,12",Hair Salon,Jean-Claude Biguine,2.237091064,48.89678946,['Retail']
"8,12",Hair Salon,Jean-Claude Biguine,2.237091064,48.89678946,['Retail']
"0,10",Restaurant,Jungle Arch,2.226051,48.895923,['Retail']
"0,11",Restaurant,Jungle Arch,2.226051,48.895923,['Retail']
"9,2",Portuguese Restaurant,Katclara,2.238960564,48.88841608,['Retail']
"9,3",Portuguese Restaurant,Katclara,2.238960564,48.88841608,['Retail']
"0,10",Japanese Restaurant,Kyoto,2.226538775,48.89557831,['Retail']
"1,10",Japanese Restaurant,Kyoto,2.226538775,48.89557831,['Retail']
"0,11",Japanese Restaurant,Kyoto,2.226538775,48.89557831,['Retail']
"1,11",Japanese Restaurant,Kyoto,2.226538775,48.89557831,['Retail']
"5,7",Restaurant,La Brasserie Restaurant & Bar,2.2334488,48.8924627,['Retail']
"6,10",Café,La Caféteria,2.236256092,48.89617166,['Retail']
"7,10",Café,La Caféteria,2.236256092,48.89617166,['Retail']
"6,11",Café,La Caféteria,2.236256092,48.89617166,['Retail']
"7,11",Café,La Caféteria,2.236256092,48.89617166,['Retail']
"14,9",Beer Store,La Caisse de Bières,2.246819,48.895124,['Retail']
"15,9",Beer Store,La Caisse de Bières,2.246819,48.895124,['Retail']
"14,10",Beer Store,La Caisse de Bières,2.246819,48.895124,['Retail']
"15,10",Beer Store,La Caisse de Bières,2.246819,48.895124,['Retail']
"15,8",Fast Food Restaurant,La Gourmandise,2.247787,48.893979,['Retail']
"16,8",Fast Food Restaurant,La Gourmandise,2.247787,48.893979,['Retail']
"15,9",Fast Food Restaurant,La Gourmandise,2.247787,48.893979,['Retail']
"16,9",Fast Food Restaurant,La Gourmandise,2.247787,48.893979,['Retail']
"5,7",Scenic Lookout,La Jetée,2.233522767,48.893221,['Landmarks and Outdoors']
"6,7",Scenic Lookout,La Jetée,2.233522767,48.893221,['Landmarks and Outdoors']
"5,8",Scenic Lookout,La Jetée,2.233522767,48.893221,['Landmarks and Outdoors']
"6,8",Scenic Lookout,La Jetée,2.233522767,48.893221,['Landmarks and Outdoors']
"5,11",Bakery,La Joconde,2.234737426,48.89632182,['Retail']
"6,11",Bakery,La Joconde,2.234737426,48.89632182,['Retail']
"5,12",Bakery,La Joconde,2.234737426,48.89632182,['Retail']
"6,12",Bakery,La Joconde,2.234737426,48.89632182,['Retail']
"7,6",Roof Deck,La Promenade (Toit de la Grande Arche de la Défense),2.236288,48.892415,[]
"8,6",Roof Deck,La Promenade (Toit de la Grande Arche de la Défense),2.236288,48.892415,[]
"7,7",Roof Deck,La Promenade (Toit de la Grande Arche de la Défense),2.236288,48.892415,[]
"8,7",Roof Deck,La Promenade (Toit de la Grande Arche de la Défense),2.236288,48.892415,[]
"15,2",Restaurant,La Tavola at Sofitel Paris la Défense,2.247691154,48.88831064,['Retail']
"16,2",Restaurant,La Tavola at Sofitel Paris la Défense,2.247691154,48.88831064,['Retail']
"15,3",Restaurant,La Tavola at Sofitel Paris la Défense,2.247691154,48.88831064,['Retail']
"16,3",Restaurant,La Tavola at Sofitel Paris la Défense,2.247691154,48.88831064,['Retail']
"10,5",Public Art,L'Araignée Rouge de Alexander Calder,2.24167496,48.89131859,['Arts and Entertainment']
"11,5",Public Art,L'Araignée Rouge de Alexander Calder,2.24167496,48.89131859,['Arts and Entertainment']
"10,6",Public Art,L'Araignée Rouge de Alexander Calder,2.24167496,48.89131859,['Arts and Entertainment']
"11,6",Public Art,L'Araignée Rouge de Alexander Calder,2.24167496,48.89131859,['Arts and Entertainment']
"15,4",Brasserie,Le Ballon d'Alsace,2.24662081,48.89043331,['Retail']
"8,12",Brasserie,Le Bistro d'Edouard,2.238588933,48.8971921,['Retail']
"9,12",Brasserie,Le Bistro d'Edouard,2.238588933,48.8971921,['Retail']
"9,12",Pizzeria,Le Bistrot de Courbevoie,2.240322456,48.89792317,['Retail']
"10,12",Pizzeria,Le Bistrot de Courbevoie,2.240322456,48.89792317,['Retail']
"0,10",Restaurant,Le Bistrot d'Olivier,2.225532241,48.8959506,['Retail']
"0,11",Restaurant,Le Bistrot d'Olivier,2.225532241,48.8959506,['Retail']
"4,7",American Restaurant,Le Californien,2.232860659,48.89258365,['Retail']
"5,7",American Restaurant,Le Californien,2.232860659,48.89258365,['Retail']
"4,8",American Restaurant,Le Californien,2.232860659,48.89258365,['Retail']
"5,8",American Restaurant,Le Californien,2.232860659,48.89258365,['Retail']
"18,4",Coffee Shop,Le Chill' Sandwich & Coffee,2.252399772,48.88965749,['Retail']
"19,4",Coffee Shop,Le Chill' Sandwich & Coffee,2.252399772,48.88965749,['Retail']
"7,5",Food Court,Le Dôme de la Défense,2.236407101,48.89064453,[]
"8,5",Food Court,Le Dôme de la Défense,2.236407101,48.89064453,[]
"7,6",Food Court,Le Dôme de la Défense,2.236407101,48.89064453,[]
"8,6",Food Court,Le Dôme de la Défense,2.236407101,48.89064453,[]
"6,4",French Restaurant,Le Ferney,2.23561228,48.8898544,['Retail']
"7,4",French Restaurant,Le Ferney,2.23561228,48.8898544,['Retail']
"6,5",French Restaurant,Le Ferney,2.23561228,48.8898544,['Retail']
"7,5",French Restaurant,Le Ferney,2.23561228,48.8898544,['Retail']
"8,2",Bar,Le Forum,2.239037007,48.88861027,['Retail']
"9,2",Bar,Le Forum,2.239037007,48.88861027,['Retail']
"8,3",Bar,Le Forum,2.239037007,48.88861027,['Retail']
"9,3",Bar,Le Forum,2.239037007,48.88861027,['Retail']
"17,10",Bar,Le Garden Café,2.251403332,48.89521654,['Retail']
"18,10",Bar,Le Garden Café,2.251403332,48.89521654,['Retail']
"19,7",Bar,Le Gavroche,2.253519595,48.89263488,['Retail']
"19,8",Bar,Le Gavroche,2.253519595,48.89263488,['Retail']
"13,4",Bar,Le Mond,2.24491775,48.89013773,['Retail']
"14,4",Bar,Le Mond,2.24491775,48.89013773,['Retail']
"13,5",Bar,Le Mond,2.24491775,48.89013773,['Retail']
"14,5",Bar,Le Mond,2.24491775,48.89013773,['Retail']
"15,3",Public Art,Le Moretti,2.247850746,48.88905577,['Arts and Entertainment']
"16,3",Public Art,Le Moretti,2.247850746,48.88905577,['Arts and Entertainment']
"15,4",Public Art,Le Moretti,2.247850746,48.88905577,['Arts and Entertainment']
"16,4",Public Art,Le Moretti,2.247850746,48.88905577,['Arts and Entertainment']
"11,0",Thai Restaurant,Le Petit Thai,2.242721876,48.88513214,['Retail']
"12,0",Thai Restaurant,Le Petit Thai,2.242721876,48.88513214,['Retail']
"0,9",Italian Restaurant,Le Piano,2.22717762,48.89452529,['Retail']
"1,9",Italian Restaurant,Le Piano,2.22717762,48.89452529,['Retail']
"0,9",Restaurant,Le Ptit Breton,2.226871848,48.89477217,['Retail']
"1,9",Restaurant,Le Ptit Breton,2.226871848,48.89477217,['Retail']
"0,0",French Restaurant,Le Relais des Bergères,2.225900888,48.88537185,['Retail']
"18,11",Hotel,Le Timgad,2.253001573,48.89662819,['Business and Professional Services']
"19,11",Hotel,Le Timgad,2.253001573,48.89662819,['Business and Professional Services']
"18,12",Hotel,Le Timgad,2.253001573,48.89662819,['Business and Professional Services']
"19,12",Hotel,Le Timgad,2.253001573,48.89662819,['Business and Professional Services']
"15,8",French Restaurant,Le Tournesol,2.247864157,48.89407914,['Retail']
"16,8",French Restaurant,Le Tournesol,2.247864157,48.89407914,['Retail']
"15,9",French Restaurant,Le Tournesol,2.247864157,48.89407914,['Retail']
"16,9",French Restaurant,Le Tournesol,2.247864157,48.89407914,['Retail']
"5,1",Bar,Le Wilson,2.233861462,48.88706702,['Retail']
"6,1",Bar,Le Wilson,2.233861462,48.88706702,['Retail']
"5,2",Bar,Le Wilson,2.233861462,48.88706702,['Retail']
"6,2",Bar,Le Wilson,2.233861462,48.88706702,['Retail']
"0,10",Brasserie,Les Bambins,2.227116,48.895589,['Retail']
"1,10",Brasserie,Les Bambins,2.227116,48.895589,['Retail']
"0,11",Brasserie,Les Bambins,2.227116,48.895589,['Retail']
"1,11",Brasserie,Les Bambins,2.227116,48.895589,['Retail']
"14,2",French Restaurant,Les Canailles,2.246578038,48.88832718,['Retail']
"15,2",French Restaurant,Les Canailles,2.246578038,48.88832718,['Retail']
"14,3",French Restaurant,Les Canailles,2.246578038,48.88832718,['Retail']
"15,3",French Restaurant,Les Canailles,2.246578038,48.88832718,['Retail']
"13,0",Bakery,Les Fromentiers,2.245834647,48.88601161,['Retail']
"14,0",Bakery,Les Fromentiers,2.245834647,48.88601161,['Retail']
"13,1",Bakery,Les Fromentiers,2.245834647,48.88601161,['Retail']
"14,1",Bakery,Les Fromentiers,2.245834647,48.88601161,['Retail']
"16,2",Sculpture Garden,Les Hommes de la Cité,2.24962558,48.88851733,"['Landmarks and Outdoors', 'Landmarks and Outdoors']"
"17,2",Sculpture Garden,Les Hommes de la Cité,2.24962558,48.88851733,"['Landmarks and Outdoors', 'Landmarks and Outdoors']"
"16,3",Sculpture Garden,Les Hommes de la Cité,2.24962558,48.88851733,"['Landmarks and Outdoors', 'Landmarks and Outdoors']"
"17,3",Sculpture Garden,Les Hommes de la Cité,2.24962558,48.88851733,"['Landmarks and Outdoors', 'Landmarks and Outdoors']"
"11,0",French Restaurant,Les petites fermes,2.243182961,48.88590296,['Retail']
"12,0",French Restaurant,Les petites fermes,2.243182961,48.88590296,['Retail']
"5,0",Gastropub,L'Escargot 1903,2.234567776,48.88543655,['Retail']
"6,0",Gastropub,L'Escargot 1903,2.234567776,48.88543655,['Retail']
"14,2",Bar,L'Italian Lounge at Sofitel Paris la Défense,2.247458738,48.8884927,['Retail']
"15,2",Bar,L'Italian Lounge at Sofitel Paris la Défense,2.247458738,48.8884927,['Retail']
"14,3",Bar,L'Italian Lounge at Sofitel Paris la Défense,2.247458738,48.8884927,['Retail']
"15,3",Bar,L'Italian Lounge at Sofitel Paris la Défense,2.247458738,48.8884927,['Retail']
"10,12",Sushi Restaurant,Lune Sushi,2.241174728,48.8980532,['Retail']
"11,12",Sushi Restaurant,Lune Sushi,2.241174728,48.8980532,['Retail']
"8,5",Cosmetics Store,Lush,2.238199573,48.89084687,['Retail']
"9,5",Cosmetics Store,Lush,2.238199573,48.89084687,['Retail']
"8,6",Cosmetics Store,Lush,2.238199573,48.89084687,['Retail']
"9,6",Cosmetics Store,Lush,2.238199573,48.89084687,['Retail']
"15,2",Fast Food Restaurant,Ma Bento,2.247739434,48.88843762,['Retail']
"15,3",Fast Food Restaurant,Ma Bento,2.247739434,48.88843762,['Retail']
"16,10",Pizzeria,Madrissio,2.250024676,48.89542991,['Retail']
"17,10",Pizzeria,Madrissio,2.250024676,48.89542991,['Retail']
"8,5",Furniture and Home Store,Maisons du Monde,2.238032668,48.89070188,['Retail']
"9,5",Furniture and Home Store,Maisons du Monde,2.238032668,48.89070188,['Retail']
"8,6",Furniture and Home Store,Maisons du Monde,2.238032668,48.89070188,['Retail']
"9,6",Furniture and Home Store,Maisons du Monde,2.238032668,48.89070188,['Retail']
"8,6",Retail,Marks & Spencer Food,2.238522295,48.89163313,['Retail']
"9,6",Retail,Marks & Spencer Food,2.238522295,48.89163313,['Retail']
"8,7",Retail,Marks & Spencer Food,2.238522295,48.89163313,['Retail']
"9,7",Retail,Marks & Spencer Food,2.238522295,48.89163313,['Retail']
"0,4",Miscellaneous Store,Mayanne Evenementiel,2.22770034,48.8904719,['Retail']
"1,4",Miscellaneous Store,Mayanne Evenementiel,2.22770034,48.8904719,['Retail']
"0,5",Miscellaneous Store,Mayanne Evenementiel,2.22770034,48.8904719,['Retail']
"1,5",Miscellaneous Store,Mayanne Evenementiel,2.22770034,48.8904719,['Retail']
"17,2",Lounge,Meliá The Place,2.250406891,48.88848136,['Arts and Entertainment']
"18,2",Lounge,Meliá The Place,2.250406891,48.88848136,['Arts and Entertainment']
"17,3",Lounge,Meliá The Place,2.250406891,48.88848136,['Arts and Entertainment']
"18,3",Lounge,Meliá The Place,2.250406891,48.88848136,['Arts and Entertainment']
"7,5",Clothing Store,Michael Kors,2.237004775,48.89127134,['Retail']
"8,5",Clothing Store,Michael Kors,2.237004775,48.89127134,['Retail']
"7,6",Clothing Store,Michael Kors,2.237004775,48.89127134,['Retail']
"8,6",Clothing Store,Michael Kors,2.237004775,48.89127134,['Retail']
"7,10",Salad Restaurant,MONGOO la Defense,2.236774564,48.89579846,['Retail']
"8,10",Salad Restaurant,MONGOO la Defense,2.236774564,48.89579846,['Retail']
"7,11",Salad Restaurant,MONGOO la Defense,2.236774564,48.89579846,['Retail']
"8,11",Salad Restaurant,MONGOO la Defense,2.236774564,48.89579846,['Retail']
"9,7",Food and Beverage Retail,Monoprix,2.23939187,48.89262618,['Retail']
"10,7",Food and Beverage Retail,Monoprix,2.23939187,48.89262618,['Retail']
"9,8",Food and Beverage Retail,Monoprix,2.23939187,48.89262618,['Retail']
"10,8",Food and Beverage Retail,Monoprix,2.23939187,48.89262618,['Retail']
"7,11",Food and Beverage Retail,Monoprix,2.2368,48.89672,['Retail']
"8,11",Food and Beverage Retail,Monoprix,2.2368,48.89672,['Retail']
"7,12",Food and Beverage Retail,Monoprix,2.2368,48.89672,['Retail']
"8,12",Food and Beverage Retail,Monoprix,2.2368,48.89672,['Retail']
"8,7",Miscellaneous Store,Nespresso,2.23864,48.892504,['Retail']
"9,7",Miscellaneous Store,Nespresso,2.23864,48.892504,['Retail']
"8,8",Miscellaneous Store,Nespresso,2.23864,48.892504,['Retail']
"9,8",Miscellaneous Store,Nespresso,2.23864,48.892504,['Retail']
"16,10",Liquor Store,Nicolas,2.249016,48.896038,['Retail']
"17,10",Liquor Store,Nicolas,2.249016,48.896038,['Retail']
"16,11",Liquor Store,Nicolas,2.249016,48.896038,['Retail']
"17,11",Liquor Store,Nicolas,2.249016,48.896038,['Retail']
"9,5",Sporting Goods Retail,Nike Store Paris la Defense,2.237944921,48.89076498,['Retail']
"9,6",Sporting Goods Retail,Nike Store Paris la Defense,2.237944921,48.89076498,['Retail']
"17,2",Bar,Nodd Bar,2.250850797,48.88802846,['Retail']
"18,2",Bar,Nodd Bar,2.250850797,48.88802846,['Retail']
"17,3",Bar,Nodd Bar,2.250850797,48.88802846,['Retail']
"18,3",Bar,Nodd Bar,2.250850797,48.88802846,['Retail']
"19,9",Park,Parc des Pléiades,2.254434228,48.89474957,['Landmarks and Outdoors']
"17,7",Park,Parc Diderot,2.250209692,48.89197935,['Landmarks and Outdoors']
"2,10",Stadium,Paris la Défense Arena,2.229565923,48.89559807,['Landmarks and Outdoors']
"3,10",Stadium,Paris la Défense Arena,2.229565923,48.89559807,['Landmarks and Outdoors']
"2,11",Stadium,Paris la Défense Arena,2.229565923,48.89559807,['Landmarks and Outdoors']
"3,11",Stadium,Paris la Défense Arena,2.229565923,48.89559807,['Landmarks and Outdoors']
"8,6",Landmarks and Outdoors,Parvis de la Défense,2.238657475,48.8916967,['Landmarks and Outdoors']
"9,6",Landmarks and Outdoors,Parvis de la Défense,2.238657475,48.8916967,['Landmarks and Outdoors']
"8,7",Landmarks and Outdoors,Parvis de la Défense,2.238657475,48.8916967,['Landmarks and Outdoors']
"9,7",Landmarks and Outdoors,Parvis de la Défense,2.238657475,48.8916967,['Landmarks and Outdoors']
"16,4",Bridge,Passerelle d'Alsace,2.249223,48.890161,['Landmarks and Outdoors']
"17,4",Bridge,Passerelle d'Alsace,2.249223,48.890161,['Landmarks and Outdoors']
"16,5",Bridge,Passerelle d'Alsace,2.249223,48.890161,['Landmarks and Outdoors']
"17,5",Bridge,Passerelle d'Alsace,2.249223,48.890161,['Landmarks and Outdoors']
"15,1",Bridge,Passerelle de l'Orme,2.248849869,48.88705316,['Landmarks and Outdoors']
"16,1",Bridge,Passerelle de l'Orme,2.248849869,48.88705316,['Landmarks and Outdoors']
"15,2",Bridge,Passerelle de l'Orme,2.248849869,48.88705316,['Landmarks and Outdoors']
"16,2",Bridge,Passerelle de l'Orme,2.248849869,48.88705316,['Landmarks and Outdoors']
"14,1",Bridge,Passerelle des Vignes,2.247093022,48.88733287,['Landmarks and Outdoors']
"15,1",Bridge,Passerelle des Vignes,2.247093022,48.88733287,['Landmarks and Outdoors']
"14,2",Bridge,Passerelle des Vignes,2.247093022,48.88733287,['Landmarks and Outdoors']
"15,2",Bridge,Passerelle des Vignes,2.247093022,48.88733287,['Landmarks and Outdoors']
"17,5",Bridge,Passerelle Louis Blanc,2.251019776,48.89060334,['Landmarks and Outdoors']
"18,5",Bridge,Passerelle Louis Blanc,2.251019776,48.89060334,['Landmarks and Outdoors']
"14,2",Italian Restaurant,Pasta Bella,2.247422,48.887853,['Retail']
"15,2",Italian Restaurant,Pasta Bella,2.247422,48.887853,['Retail']
"14,3",Italian Restaurant,Pasta Bella,2.247422,48.887853,['Retail']
"15,3",Italian Restaurant,Pasta Bella,2.247422,48.887853,['Retail']
"15,4",Fast Food Restaurant,Pause,2.247621989,48.8896945,['Retail']
"15,5",Fast Food Restaurant,Pause,2.247621989,48.8896945,['Retail']
"8,5",Burrito Restaurant,Pepperico,2.238587,48.890714,['Retail']
"9,5",Burrito Restaurant,Pepperico,2.238587,48.890714,['Retail']
"8,6",Burrito Restaurant,Pepperico,2.238587,48.890714,['Retail']
"9,6",Burrito Restaurant,Pepperico,2.238587,48.890714,['Retail']
"18,2",Breakfast Spot,Petit-déjeuner @ Fraser Suites,2.252474,48.888076,['Retail']
"19,2",Breakfast Spot,Petit-déjeuner @ Fraser Suites,2.252474,48.888076,['Retail']
"18,3",Breakfast Spot,Petit-déjeuner @ Fraser Suites,2.252474,48.888076,['Retail']
"19,3",Breakfast Spot,Petit-déjeuner @ Fraser Suites,2.252474,48.888076,['Retail']
"16,10",Drugstore,Pharmacie Centrale,2.249961937,48.89527141,[]
"17,10",Drugstore,Pharmacie Centrale,2.249961937,48.89527141,[]
"8,6",Drugstore,Pharmacie du Rer,2.238691,48.891796,[]
"9,6",Drugstore,Pharmacie du Rer,2.238691,48.891796,[]
"8,7",Drugstore,Pharmacie du Rer,2.238691,48.891796,[]
"9,7",Drugstore,Pharmacie du Rer,2.238691,48.891796,[]
"1,10",Health and Medicine,Pharmacie Terrasses de l'Arche,2.227446,48.895124,['Health and Medicine']
"15,2",Diner,Pico,2.247789843,48.88845494,['Retail']
"15,3",Diner,Pico,2.247789843,48.88845494,['Retail']
"19,10",Swimming Pool,Piscine Municipale (Piscine Municipale de Courbevoie),2.25333,48.894709,['Landmarks and Outdoors']
"0,0",Fast Food Restaurant,Pizza Naim,2.227217122,48.88575253,['Retail']
"1,0",Fast Food Restaurant,Pizza Naim,2.227217122,48.88575253,['Retail']
"15,2",Italian Restaurant,Pizzeria Andréa,2.24819541,48.88792264,['Retail']
"16,2",Italian Restaurant,Pizzeria Andréa,2.24819541,48.88792264,['Retail']
"15,3",Italian Restaurant,Pizzeria Andréa,2.24819541,48.88792264,['Retail']
"16,3",Italian Restaurant,Pizzeria Andréa,2.24819541,48.88792264,['Retail']
"8,8",Plaza,Place Carpeaux,2.238528728,48.89353072,['Landmarks and Outdoors']
"9,8",Plaza,Place Carpeaux,2.238528728,48.89353072,['Landmarks and Outdoors']
"8,9",Plaza,Place Carpeaux,2.238528728,48.89353072,['Landmarks and Outdoors']
"9,9",Plaza,Place Carpeaux,2.238528728,48.89353072,['Landmarks and Outdoors']
"11,6",Plaza,Place de la Coupole,2.242377698,48.89228499,['Landmarks and Outdoors']
"12,6",Plaza,Place de la Coupole,2.242377698,48.89228499,['Landmarks and Outdoors']
"11,7",Plaza,Place de la Coupole,2.242377698,48.89228499,['Landmarks and Outdoors']
"12,7",Plaza,Place de la Coupole,2.242377698,48.89228499,['Landmarks and Outdoors']
"11,5",Plaza,Place de la Défense,2.242155075,48.89052571,['Landmarks and Outdoors']
"12,5",Plaza,Place de la Défense,2.242155075,48.89052571,['Landmarks and Outdoors']
"11,3",Plaza,Place de la Pyramide,2.242817581,48.88933916,['Landmarks and Outdoors']
"12,3",Plaza,Place de la Pyramide,2.242817581,48.88933916,['Landmarks and Outdoors']
"11,4",Plaza,Place de la Pyramide,2.242817581,48.88933916,['Landmarks and Outdoors']
"12,4",Plaza,Place de la Pyramide,2.242817581,48.88933916,['Landmarks and Outdoors']
"15,3",Plaza,Place de l'Iris,2.248528944,48.8893621,['Landmarks and Outdoors']
"16,3",Plaza,Place de l'Iris,2.248528944,48.8893621,['Landmarks and Outdoors']
"15,4",Plaza,Place de l'Iris,2.248528944,48.8893621,['Landmarks and Outdoors']
"16,4",Plaza,Place de l'Iris,2.248528944,48.8893621,['Landmarks and Outdoors']
"18,1",Plaza,Place des Dominos,2.252665992,48.88748317,['Landmarks and Outdoors']
"19,1",Plaza,Place des Dominos,2.252665992,48.88748317,['Landmarks and Outdoors']
"18,2",Plaza,Place des Dominos,2.252665992,48.88748317,['Landmarks and Outdoors']
"19,2",Plaza,Place des Dominos,2.252665992,48.88748317,['Landmarks and Outdoors']
"3,2",Park,Place des Marées,2.231245549,48.88785484,['Landmarks and Outdoors']
"4,2",Park,Place des Marées,2.231245549,48.88785484,['Landmarks and Outdoors']
"3,3",Park,Place des Marées,2.231245549,48.88785484,['Landmarks and Outdoors']
"4,3",Park,Place des Marées,2.231245549,48.88785484,['Landmarks and Outdoors']
"16,4",Plaza,Place des Miroirs,2.250390798,48.89037934,['Landmarks and Outdoors']
"17,4",Plaza,Place des Miroirs,2.250390798,48.89037934,['Landmarks and Outdoors']
"16,5",Plaza,Place des Miroirs,2.250390798,48.89037934,['Landmarks and Outdoors']
"17,5",Plaza,Place des Miroirs,2.250390798,48.89037934,['Landmarks and Outdoors']
"14,4",Plaza,Place des Reflets,2.246964276,48.89015112,['Landmarks and Outdoors']
"15,4",Plaza,Place des Reflets,2.246964276,48.89015112,['Landmarks and Outdoors']
"14,5",Plaza,Place des Reflets,2.246964276,48.89015112,['Landmarks and Outdoors']
"15,5",Plaza,Place des Reflets,2.246964276,48.89015112,['Landmarks and Outdoors']
"18,3",Plaza,Place des Saisons,2.252132893,48.88934059,['Landmarks and Outdoors']
"19,3",Plaza,Place des Saisons,2.252132893,48.88934059,['Landmarks and Outdoors']
"18,4",Plaza,Place des Saisons,2.252132893,48.88934059,['Landmarks and Outdoors']
"19,4",Plaza,Place des Saisons,2.252132893,48.88934059,['Landmarks and Outdoors']
"14,7",Plaza,Place des Vosges,2.246882919,48.8928331,['Landmarks and Outdoors']
"15,7",Plaza,Place des Vosges,2.246882919,48.8928331,['Landmarks and Outdoors']
"14,8",Plaza,Place des Vosges,2.246882919,48.8928331,['Landmarks and Outdoors']
"15,8",Plaza,Place des Vosges,2.246882919,48.8928331,['Landmarks and Outdoors']
"15,12",Fish Market,Poissonnerie la Vague (Poissonnerie La Vague),2.24796474,48.89735725,['Retail']
"16,12",Fish Market,Poissonnerie la Vague (Poissonnerie La Vague),2.24796474,48.89735725,['Retail']
"8,6",Sandwich Restaurant,Pret A Manger,2.238078117,48.89158383,['Retail']
"9,6",Sandwich Restaurant,Pret A Manger,2.238078117,48.89158383,['Retail']
"8,7",Sandwich Restaurant,Pret A Manger,2.238078117,48.89158383,['Retail']
"9,7",Sandwich Restaurant,Pret A Manger,2.238078117,48.89158383,['Retail']
"6,5",Bakery,Pret à Manger,2.2362235,48.8905024,['Retail']
"7,5",Bakery,Pret à Manger,2.2362235,48.8905024,['Retail']
"9,4",Clothing Store,Pull&Bear,2.240371406,48.89027771,['Retail']
"10,4",Clothing Store,Pull&Bear,2.240371406,48.89027771,['Retail']
"9,5",Clothing Store,Pull&Bear,2.240371406,48.89027771,['Retail']
"10,5",Clothing Store,Pull&Bear,2.240371406,48.89027771,['Retail']
"8,10",Burger Joint,Quinte & Sens,2.238928378,48.89503756,['Retail']
"9,10",Burger Joint,Quinte & Sens,2.238928378,48.89503756,['Retail']
"18,2",Modern European Restaurant,Restaurant de l'Hôtel Novotel Paris la Défense,2.253011,48.888035,['Retail']
"19,2",Modern European Restaurant,Restaurant de l'Hôtel Novotel Paris la Défense,2.253011,48.888035,['Retail']
"18,3",Modern European Restaurant,Restaurant de l'Hôtel Novotel Paris la Défense,2.253011,48.888035,['Retail']
"19,3",Modern European Restaurant,Restaurant de l'Hôtel Novotel Paris la Défense,2.253011,48.888035,['Retail']
"12,0",Indian Restaurant,Resunga,2.244429588,48.88639883,['Retail']
"13,0",Indian Restaurant,Resunga,2.244429588,48.88639883,['Retail']
"12,1",Indian Restaurant,Resunga,2.244429588,48.88639883,['Retail']
"13,1",Indian Restaurant,Resunga,2.244429588,48.88639883,['Retail']
"0,0",Plaza,Rond-point des Bergères,2.227166891,48.88510073,['Landmarks and Outdoors']
"1,0",Plaza,Rond-point des Bergères,2.227166891,48.88510073,['Landmarks and Outdoors']
"15,10",Sushi Restaurant,Sakura,2.248953134,48.89609206,['Retail']
"16,10",Sushi Restaurant,Sakura,2.248953134,48.89609206,['Retail']
"15,11",Sushi Restaurant,Sakura,2.248953134,48.89609206,['Retail']
"16,11",Sushi Restaurant,Sakura,2.248953134,48.89609206,['Retail']
"13,11",Pizzeria,San Marco,2.245379,48.896545,['Retail']
"14,11",Pizzeria,San Marco,2.245379,48.896545,['Retail']
"13,12",Pizzeria,San Marco,2.245379,48.896545,['Retail']
"14,12",Pizzeria,San Marco,2.245379,48.896545,['Retail']
"6,6",Fast Food Restaurant,Scoozi,2.235157192,48.8919291,['Retail']
"6,7",Fast Food Restaurant,Scoozi,2.235157192,48.8919291,['Retail']
"1,6",Casino,Secret casino,2.227889569,48.89191182,['Arts and Entertainment']
"2,6",Casino,Secret casino,2.227889569,48.89191182,['Arts and Entertainment']
"1,7",Casino,Secret casino,2.227889569,48.89191182,['Arts and Entertainment']
"2,7",Casino,Secret casino,2.227889569,48.89191182,['Arts and Entertainment']
"8,5",Cosmetics Store,Sephora,2.236586,48.890427,['Retail']
"17,2",Hotel Bar,Skyline Bar & Lounge,2.25058794,48.88841646,"['Business and Professional Services', 'Retail']"
"18,2",Hotel Bar,Skyline Bar & Lounge,2.25058794,48.88841646,"['Business and Professional Services', 'Retail']"
"17,3",Hotel Bar,Skyline Bar & Lounge,2.25058794,48.88841646,"['Business and Professional Services', 'Retail']"
"18,3",Hotel Bar,Skyline Bar & Lounge,2.25058794,48.88841646,"['Business and Professional Services', 'Retail']"
"7,5",Frozen Yogurt Shop,So Cream,2.236358,48.891044,['Retail']
"8,5",Frozen Yogurt Shop,So Cream,2.236358,48.891044,['Retail']
"7,6",Frozen Yogurt Shop,So Cream,2.236358,48.891044,['Retail']
"8,6",Frozen Yogurt Shop,So Cream,2.236358,48.891044,['Retail']
"13,11",Fast Food Restaurant,So Thai,2.245842423,48.89676603,['Retail']
"14,11",Fast Food Restaurant,So Thai,2.245842423,48.89676603,['Retail']
"13,12",Fast Food Restaurant,So Thai,2.245842423,48.89676603,['Retail']
"14,12",Fast Food Restaurant,So Thai,2.245842423,48.89676603,['Retail']
"6,6",Furniture and Home Store,Søstrene Grene,2.236050661,48.89164203,['Retail']
"7,6",Furniture and Home Store,Søstrene Grene,2.236050661,48.89164203,['Retail']
"6,7",Furniture and Home Store,Søstrene Grene,2.236050661,48.89164203,['Retail']
"7,7",Furniture and Home Store,Søstrene Grene,2.236050661,48.89164203,['Retail']
"4,7",Soup Restaurant,Soup'app,2.2327738,48.893147,['Retail']
"5,7",Soup Restaurant,Soup'app,2.2327738,48.893147,['Retail']
"4,8",Soup Restaurant,Soup'app,2.2327738,48.893147,['Retail']
"5,8",Soup Restaurant,Soup'app,2.2327738,48.893147,['Retail']
"13,4",Plaza,Square des Corolles,2.245180607,48.89002486,['Landmarks and Outdoors']
"14,4",Plaza,Square des Corolles,2.245180607,48.89002486,['Landmarks and Outdoors']
"13,5",Plaza,Square des Corolles,2.245180607,48.89002486,['Landmarks and Outdoors']
"14,5",Plaza,Square des Corolles,2.245180607,48.89002486,['Landmarks and Outdoors']
"11,9",Plaza,Square Henri Regnault,2.2424528,48.89426711,['Landmarks and Outdoors']
"1,0",Park,Square president wilson,2.228045277,48.88568535,['Landmarks and Outdoors']
"2,0",Park,Square president wilson,2.228045277,48.88568535,['Landmarks and Outdoors']
"18,2",Park,Square Vivaldi,2.252692,48.888575,['Landmarks and Outdoors']
"19,2",Park,Square Vivaldi,2.252692,48.888575,['Landmarks and Outdoors']
"18,3",Park,Square Vivaldi,2.252692,48.888575,['Landmarks and Outdoors']
"19,3",Park,Square Vivaldi,2.252692,48.888575,['Landmarks and Outdoors']
"14,2",Coffee Shop,Starbucks,2.247405,48.888367,['Retail']
"15,2",Coffee Shop,Starbucks,2.247405,48.888367,['Retail']
"14,3",Coffee Shop,Starbucks,2.247405,48.888367,['Retail']
"15,3",Coffee Shop,Starbucks,2.247405,48.888367,['Retail']
"17,3",Coffee Shop,Starbucks,2.251585722,48.88878748,['Retail']
"18,3",Coffee Shop,Starbucks,2.251585722,48.88878748,['Retail']
"17,4",Coffee Shop,Starbucks,2.251585722,48.88878748,['Retail']
"18,4",Coffee Shop,Starbucks,2.251585722,48.88878748,['Retail']
"7,5",Coffee Shop,Starbucks,2.237348,48.891387,['Retail']
"8,5",Coffee Shop,Starbucks,2.237348,48.891387,['Retail']
"7,6",Coffee Shop,Starbucks,2.237348,48.891387,['Retail']
"8,6",Coffee Shop,Starbucks,2.237348,48.891387,['Retail']
"8,11",Coffee Shop,Starbucks,2.237838,48.896751,['Retail']
"9,11",Coffee Shop,Starbucks,2.237838,48.896751,['Retail']
"8,12",Coffee Shop,Starbucks,2.237838,48.896751,['Retail']
"9,12",Coffee Shop,Starbucks,2.237838,48.896751,['Retail']
"12,5",Coffee Shop,Starbucks Coffee Coeur Défense,2.243591398,48.89064351,['Retail']
"13,5",Coffee Shop,Starbucks Coffee Coeur Défense,2.243591398,48.89064351,['Retail']
"12,6",Coffee Shop,Starbucks Coffee Coeur Défense,2.243591398,48.89064351,['Retail']
"13,6",Coffee Shop,Starbucks Coffee Coeur Défense,2.243591398,48.89064351,['Retail']
"15,2",Bar,Story Place,2.24829,48.887861,['Retail']
"16,2",Bar,Story Place,2.24829,48.887861,['Retail']
"15,3",Bar,Story Place,2.24829,48.887861,['Retail']
"16,3",Bar,Story Place,2.24829,48.887861,['Retail']
"15,10",Fast Food Restaurant,Subway,2.248730478,48.89578603,['Retail']
"16,10",Fast Food Restaurant,Subway,2.248730478,48.89578603,['Retail']
"15,11",Fast Food Restaurant,Subway,2.248730478,48.89578603,['Retail']
"16,11",Fast Food Restaurant,Subway,2.248730478,48.89578603,['Retail']
"4,1",Japanese Restaurant,Sushi Times,2.232457548,48.88690658,['Retail']
"5,1",Japanese Restaurant,Sushi Times,2.232457548,48.88690658,['Retail']
"4,2",Japanese Restaurant,Sushi Times,2.232457548,48.88690658,['Retail']
"5,2",Japanese Restaurant,Sushi Times,2.232457548,48.88690658,['Retail']
"15,11",Beer Bar,Teddy Beer,2.248121649,48.89680974,['Retail']
"16,11",Beer Bar,Teddy Beer,2.248121649,48.89680974,['Retail']
"15,12",Beer Bar,Teddy Beer,2.248121649,48.89680974,['Retail']
"16,12",Beer Bar,Teddy Beer,2.248121649,48.89680974,['Retail']
"7,1",Basketball Court,Terrain de Basket Puteaux,2.236645916,48.88704606,['Landmarks and Outdoors']
"8,1",Basketball Court,Terrain de Basket Puteaux,2.236645916,48.88704606,['Landmarks and Outdoors']
"7,2",Basketball Court,Terrain de Basket Puteaux,2.236645916,48.88704606,['Landmarks and Outdoors']
"8,2",Basketball Court,Terrain de Basket Puteaux,2.236645916,48.88704606,['Landmarks and Outdoors']
"17,1",Plaza,Terrasse Bellini,2.251313152,48.88703513,['Landmarks and Outdoors']
"18,1",Plaza,Terrasse Bellini,2.251313152,48.88703513,['Landmarks and Outdoors']
"17,2",Plaza,Terrasse Bellini,2.251313152,48.88703513,['Landmarks and Outdoors']
"18,2",Plaza,Terrasse Bellini,2.251313152,48.88703513,['Landmarks and Outdoors']
"3,7",Plaza,Terrasse Valmy,2.231720306,48.89280008,['Landmarks and Outdoors']
"4,7",Plaza,Terrasse Valmy,2.231720306,48.89280008,['Landmarks and Outdoors']
"3,8",Plaza,Terrasse Valmy,2.231720306,48.89280008,['Landmarks and Outdoors']
"4,8",Plaza,Terrasse Valmy,2.231720306,48.89280008,['Landmarks and Outdoors']
"7,11",Pizzeria,Toast And Pizz,2.237168849,48.89641387,['Retail']
"8,11",Pizzeria,Toast And Pizz,2.237168849,48.89641387,['Retail']
"15,8",Pizzeria,Trattoria Pizzeria d'Angelo,2.248456236,48.8935311,['Retail']
"16,8",Pizzeria,Trattoria Pizzeria d'Angelo,2.248456236,48.8935311,['Retail']
"15,9",Pizzeria,Trattoria Pizzeria d'Angelo,2.248456236,48.8935311,['Retail']
"16,9",Pizzeria,Trattoria Pizzeria d'Angelo,2.248456236,48.8935311,['Retail']
"6,5",Movie Theater,UGC Ciné Cité la Défense,2.235508492,48.89113128,['Arts and Entertainment']
"7,5",Movie Theater,UGC Ciné Cité la Défense,2.235508492,48.89113128,['Arts and Entertainment']
"6,6",Movie Theater,UGC Ciné Cité la Défense,2.235508492,48.89113128,['Arts and Entertainment']
"7,6",Movie Theater,UGC Ciné Cité la Défense,2.235508492,48.89113128,['Arts and Entertainment']
"8,5",Clothing Store,Uniqlo,2.237852811,48.89069676,['Retail']
"9,5",Clothing Store,Uniqlo,2.237852811,48.89069676,['Retail']
"8,6",Clothing Store,Uniqlo,2.237852811,48.89069676,['Retail']
"9,6",Clothing Store,Uniqlo,2.237852811,48.89069676,['Retail']
"7,5",Italian Restaurant,Vapiano,2.236055526,48.89111698,['Retail']
"7,6",Italian Restaurant,Vapiano,2.236055526,48.89111698,['Retail']
"19,6",Pizzeria,Venezia,2.25398764,48.8915662,['Retail']
"18,7",Vietnamese Restaurant,Vietnam Kitchen,2.253153,48.893003,['Retail']
"19,7",Vietnamese Restaurant,Vietnam Kitchen,2.253153,48.893003,['Retail']
"18,8",Vietnamese Restaurant,Vietnam Kitchen,2.253153,48.893003,['Retail']
"19,8",Vietnamese Restaurant,Vietnam Kitchen,2.253153,48.893003,['Retail']
"7,5",Retail,Westfield les 4 Temps,2.237493,48.89063,['Retail']
"8,5",Retail,Westfield les 4 Temps,2.237493,48.89063,['Retail']
"7,6",Retail,Westfield les 4 Temps,2.237493,48.89063,['Retail']
"8,6",Retail,Westfield les 4 Temps,2.237493,48.89063,['Retail']
"3,7",Fast Food Restaurant,Yin's,2.231105828,48.89278202,['Retail']
"4,7",Fast Food Restaurant,Yin's,2.231105828,48.89278202,['Retail']
"4,8",Fast Food Restaurant,Yin's,2.231105828,48.89278202,['Retail']
"0,9",Japanese Restaurant,Yoshi Sushi,2.227418377,48.89434573,['Retail']
"1,9",Japanese Restaurant,Yoshi Sushi,2.227418377,48.89434573,['Retail']
"0,10",Japanese Restaurant,Yoshi Sushi,2.227418377,48.89434573,['Retail']
"1,10",Japanese Restaurant,Yoshi Sushi,2.227418377,48.89434573,['Retail']
