grid,fclass,name,longitude,latitude,fclass
"15,2",wine store,Apogé,2.248301,48.888249,wine store
"7,7",viewpoint,Grande Arche,2.235893,48.892555,viewpoint
"17,12",veterinary,Clinique Vétérinaire A. Ganivet,2.250135,48.89708,veterinary
"0,10",vending_parking, ,2.226158,48.895242,vending_parking
"0,9",vending_parking, ,2.226201,48.89389,vending_parking
"0,9",vending_parking, ,2.225758,48.893919,vending_parking
"1,7",vending_parking, ,2.227986,48.892009,vending_parking
"1,7",vending_parking, ,2.227553,48.892472,vending_parking
"1,9",vending_parking, ,2.227107,48.894214,vending_parking
"10,6",vending_parking, ,2.240814,48.891119,vending_parking
"10,6",vending_parking, ,2.240814,48.891137,vending_parking
"18,4",vending_parking, ,2.252078,48.889215,vending_parking
"3,1",vending_parking, ,2.231087,48.886394,vending_parking
"9,3",vending_parking, ,2.239205,48.888833,vending_parking
"8,8",vending_any,RATP,2.237821,48.892953,vending_any
"10,6",vending_any, ,2.240322,48.891269,vending_any
"10,6",vending_any, ,2.240459,48.891347,vending_any
"11,6",vending_any, ,2.242345,48.890864,vending_any
"19,4",vending_any, ,2.252503,48.889135,vending_any
"6,5",vending_any, ,2.235463,48.890701,vending_any
"6,5",vending_any, ,2.235482,48.890702,vending_any
"7,5",vending_any, ,2.235503,48.890703,vending_any
"7,5",vending_any, ,2.235522,48.890704,vending_any
"7,5",vending_any, ,2.235542,48.890705,vending_any
"7,5",vending_any, ,2.235564,48.890706,vending_any
"7,5",vending_any, ,2.235584,48.890707,vending_any
"7,7",vending_any, ,2.236875,48.892447,vending_any
"8,7",vending_any, ,2.237032,48.892482,vending_any
"8,8",vending_any, ,2.237316,48.892763,vending_any
"8,8",vending_any, ,2.237389,48.892825,vending_any
"8,8",vending_any, ,2.237236,48.892809,vending_any
"8,8",vending_any, ,2.23742,48.892855,vending_any
"8,8",vending_any, ,2.237333,48.892892,vending_any
"8,8",vending_any, ,2.2377,48.893094,vending_any
"8,8",vending_any, ,2.237628,48.893137,vending_any
"10,12",turkish restaurant,Arda Kebab,2.240516245,48.89779807,turkish restaurant
"14,0",tourist_info,PUTEAUX,2.245942,48.886289,tourist_info
"1,5",tourist_info,panneau administratif,2.227973,48.890498,tourist_info
"17,12",tourist_info,Ipm,2.250836,48.896241,tourist_info
"11,6",tourist_info,EPAD Info,2.24238,48.89084,tourist_info
"11,5",tourist_info,Centre - Grande Arche,2.241931,48.890757,tourist_info
"1,1",tourist_info,Affichage Libre,2.227205,48.887195,tourist_info
"10,7",tourist_info, ,2.240965,48.891887,tourist_info
"10,7",tourist_info, ,2.240944,48.891894,tourist_info
"11,6",tourist_info, ,2.242024,48.890938,tourist_info
"16,1",tourist_info, ,2.249078,48.886827,tourist_info
"19,5",tourist_info, ,2.252835,48.890774,tourist_info
"19,5",tourist_info, ,2.252812,48.890781,tourist_info
"19,5",tourist_info, ,2.252823,48.890777,tourist_info
"19,5",tourist_info, ,2.252846,48.89077,tourist_info
"19,5",tourist_info, ,2.252801,48.890785,tourist_info
"19,5",tourist_info, ,2.253293,48.890552,tourist_info
"7,7",tourist_info, ,2.236788,48.892141,tourist_info
"7,7",tourist_info, ,2.236681,48.892196,tourist_info
"8,10",tourist_info, ,2.23777,48.894922,tourist_info
"8,10",tourist_info, ,2.238145,48.894704,tourist_info
"8,11",tourist_info, ,2.237262,48.895914,tourist_info
"8,7",tourist_info, ,2.236977,48.892408,tourist_info
"8,7",tourist_info, ,2.236915,48.892497,tourist_info
"8,7",tourist_info, ,2.237078,48.892538,tourist_info
"8,8",tourist_info, ,2.237349,48.892807,tourist_info
"8,8",tourist_info, ,2.237357,48.892813,tourist_info
"8,8",tourist_info, ,2.237263,48.892853,tourist_info
"8,8",tourist_info, ,2.237271,48.89286,tourist_info
"8,8",tourist_info, ,2.237659,48.893052,tourist_info
"8,8",tourist_info, ,2.237643,48.893157,tourist_info
"8,8",tourist_info, ,2.238003,48.89335,tourist_info
"8,8",tourist_info, ,2.237947,48.893406,tourist_info
"9,5",tourist_info, ,2.239005,48.890384,tourist_info
"9,6",tourist_info, ,2.239283,48.891319,tourist_info
"9,9",tourist_info, ,2.238574,48.893903,tourist_info
"1,5",theatre,Théatre par le Bas,2.22728,48.890433,theatre
"11,0",thai restaurant,Le Petit Thai,2.242721876,48.88513214,thai restaurant
"19,10",swimming pool,Piscine Municipale (Piscine Municipale de Courbevoie),2.25333,48.894709,swimming pool
"10,12",sushi restaurant,Lune Sushi,2.241174728,48.8980532,sushi restaurant
"9,7",supermarket,Monoprix,2.238837,48.892457,supermarket
"15,4",supermarket,Franprix,2.246848,48.88964,supermarket
"19,9",supermarket,Carrefour Market,2.252663,48.894432,supermarket
"14,0",supermarket,Carrefour City,2.245966,48.885854,supermarket
"16,11",supermarket,A2pas,2.249191,48.896074,supermarket
"16,10",steakhouse,Beef Cut,2.249815464,48.89560096,steakhouse
"2,10",stadium,Paris la Défense Arena,2.229565923,48.89559807,stadium
"16,6",sports_centre,Gymnase des Renardières,2.248471,48.891287,sports_centre
"12,8",sports_centre,CMG Sports Club,2.242594,48.892752,sports_centre
"9,5",sporting goods retail,Nike Store Paris la Defense,2.237944921,48.89076498,sporting goods retail
"4,7",soup restaurant,Soup'app,2.2327738,48.893147,soup restaurant
"8,9",snack place,Bar 6 Pullman,2.239072,48.894982,snack place
"16,2",sculpture garden,Les Hommes de la Cité,2.24962558,48.88851733,sculpture garden
"9,8",school,ESSEC,2.239002,48.892916,school
"8,2",school,école maternelle Défense 2000,2.237026,48.887318,school
"11,0",school,école élémentaire République,2.24157,48.885688,school
"2,0",school,école des Bergères,2.229723,48.885543,school
"5,7",scenic lookout,La Jetée,2.233522767,48.893221,scenic lookout
"8,6",sandwich restaurant,Pret A Manger,2.238078117,48.89158383,sandwich restaurant
"7,10",salad restaurant,MONGOO la Defense,2.236774564,48.89579846,salad restaurant
"2,6",salad restaurant,Express Granite,2.230217363,48.8919216,salad restaurant
"7,6",roof deck,La Promenade (Toit de la Grande Arche de la Défense),2.236288,48.892415,roof deck
"7,5",retail,Westfield les 4 Temps,2.237493,48.89063,retail
"8,6",retail,Marks & Spencer Food,2.238522295,48.89163313,retail
"9,7",restaurant,Yùki Ono,2.239456,48.892563,restaurant
"1,10",restaurant,Yoshi Sushi,2.227241,48.894564,restaurant
"19,8",restaurant,Vietnam Kitchen,2.253168,48.892963,restaurant
"18,11",restaurant,Valentino Pizzeria,2.252135,48.895924,restaurant
"4,1",restaurant,Sushi Time's,2.232433,48.886914,restaurant
"16,2",restaurant,Story Place,2.248089,48.887951,restaurant
"8,12",restaurant,Soleil d'Or,2.237225,48.896423,restaurant
"14,12",restaurant,So Thai,2.245819,48.896755,restaurant
"16,8",restaurant,Sen Sushi,2.248142,48.893448,restaurant
"16,11",restaurant,Sakura,2.248939,48.896097,restaurant
"19,8",restaurant,Ristorante Mamma Mia,2.253371,48.89275,restaurant
"13,1",restaurant,Resunga,2.2445,48.886453,restaurant
"19,11",restaurant,Rastignac,2.252587,48.896185,restaurant
"9,3",restaurant,Porto,2.23897,48.888445,restaurant
"16,12",restaurant,Planet Sushi,2.248573,48.896547,restaurant
"14,12",restaurant,Pizza San Marco,2.2453,48.896524,restaurant
"8,6",restaurant,Pizza Del Arte,2.237223,48.891411,restaurant
"14,8",restaurant,Piccolino,2.246492,48.893414,restaurant
"19,11",restaurant,Peninsula,2.252427,48.896094,restaurant
"15,4",restaurant,Pause,2.247465,48.889313,restaurant
"0,11",restaurant,O'Ginkgo,2.22683,48.895846,restaurant
"13,1",restaurant,Monte Carlo,2.244913,48.886612,restaurant
"17,2",restaurant,Marco Marco,2.250765,48.887684,restaurant
"1,10",restaurant,Lunivia,2.22719,48.894672,restaurant
"15,3",restaurant,L'Italian Lounge,2.247316,48.888254,restaurant
"12,0",restaurant,L'Imprévu,2.242794,48.885931,restaurant
"12,0",restaurant,Les Petites Fermes,2.243159,48.885889,restaurant
"0,11",restaurant,Les Darons,2.225945,48.895993,restaurant
"1,11",restaurant,Les Bambins,2.227132,48.895618,restaurant
"4,7",restaurant,Le Valmy (brasserie),2.231641,48.892293,restaurant
"15,9",restaurant,Le Tournesol,2.247891,48.894067,restaurant
"15,4",restaurant,Le Tourbillon,2.247726,48.889674,restaurant
"19,12",restaurant,Le Timg?d,2.252905,48.896706,restaurant
"0,10",restaurant,Le P'tit Breton,2.226844,48.894766,restaurant
"0,9",restaurant,Le Ptit Breton,2.226871848,48.89477217,restaurant
"1,10",restaurant,Le Piano,2.227159,48.894472,restaurant
"17,11",restaurant,Le Madrissio,2.250021,48.895415,restaurant
"19,8",restaurant,Le Gavroche,2.253486,48.892642,restaurant
"0,10",restaurant,Le Bistrot d'Olivier,2.225532241,48.8959506,restaurant
"18,11",restaurant,Le Bistrot de l'échanson,2.251475,48.895899,restaurant
"17,12",restaurant,Le Bienvenu,2.250656,48.89652,restaurant
"14,5",restaurant,Le Ballon d'Alsace,2.246492,48.890201,restaurant
"16,9",restaurant,La Trattoria d'Angelo,2.248401,48.89358,restaurant
"15,2",restaurant,La Tavola at Sofitel Paris la Défense,2.247691154,48.88831064,restaurant
"10,12",restaurant,La Table des Artistes,2.239816,48.896902,restaurant
"14,4",restaurant,La Safranée,2.246063,48.889593,restaurant
"5,7",restaurant,La Brasserie Restaurant & Bar,2.2334488,48.8924627,restaurant
"12,5",restaurant,Koedo,2.243251,48.890551,restaurant
"0,11",restaurant,Jungle Arch,2.226151,48.895902,restaurant
"12,5",restaurant,IT,2.243435,48.890053,restaurant
"7,6",restaurant,Hanoi Cà Phê,2.23643,48.890877,restaurant
"12,5",restaurant,Globe Trotter,2.242646,48.890706,restaurant
"9,8",restaurant,Flo Prestige,2.238571,48.892842,restaurant
"12,5",restaurant,Eclipse,2.243405,48.890495,restaurant
"15,2",restaurant,DS Café,2.246979,48.887869,restaurant
"13,6",restaurant,Dapprima,2.2444,48.891127,restaurant
"10,6",restaurant,Cojean,2.24095,48.891677,restaurant
"16,11",restaurant,Chez Lau,2.24862,48.896236,restaurant
"14,12",restaurant,Bovinelli,2.246081,48.896509,restaurant
"7,5",restaurant,Boldère,2.23561,48.890728,restaurant
"3,10",restaurant,Bib & Guss,2.229983,48.894785,restaurant
"3,6",restaurant,Bert's,2.231049692,48.89204506,restaurant
"15,4",restaurant,Baguettes Chinoises,2.247279,48.889362,restaurant
"9,10",restaurant,Avant Seine,2.238754,48.894889,restaurant
"3,4",restaurant,Aux Délices de Puteaux,2.231214,48.889141,restaurant
"19,8",restaurant,Au Vent du Large,2.252705,48.893362,restaurant
"14,5",restaurant,Au Jardin des Corolles,2.245291,48.890647,restaurant
"16,2",restaurant,Andrea,2.248299,48.887972,restaurant
"14,8",restaurant,Alfred's Café,2.246267,48.893321,restaurant
"4,3",restaurant,Al Siwan,2.231749,48.888845,restaurant
"17,12",restaurant,Affinithé,2.250187,48.896976,restaurant
"14,8",restaurant, ,2.245843,48.893142,restaurant
"19,7",restaurant, ,2.252385,48.892525,restaurant
"15,3",public art,Le Moretti,2.247850746,48.88905577,public art
"10,5",public art,L'Araignée Rouge de Alexander Calder,2.24167496,48.89131859,public art
"3,9",pub,Mosai,2.230028,48.894079,pub
"3,10",pub,Les gentlemen,2.230341,48.894548,pub
"18,10",pub,Garden Café,2.251,48.895285,pub
"8,12",post_office,Relais Poste,2.23725,48.896651,post_office
"0,0",post_box, ,2.226876,48.885714,post_box
"0,9",post_box, ,2.225709,48.893935,post_box
"10,3",post_box, ,2.240127,48.888418,post_box
"10,5",post_box, ,2.239869,48.890555,post_box
"10,6",post_box, ,2.240314,48.891271,post_box
"11,5",post_box, ,2.242341,48.890022,post_box
"11,7",post_box, ,2.242399,48.892113,post_box
"12,9",post_box, ,2.24284,48.89368,post_box
"13,10",post_box, ,2.244388,48.894897,post_box
"13,3",post_box, ,2.244143,48.889024,post_box
"14,5",post_box, ,2.245302,48.890558,post_box
"14,5",post_box, ,2.245383,48.890675,post_box
"15,9",post_box, ,2.247068,48.893653,post_box
"16,12",post_box, ,2.248468,48.89674,post_box
"17,10",post_box, ,2.250298,48.895139,post_box
"18,11",post_box, ,2.251264,48.895469,post_box
"3,0",post_box, ,2.2309,48.886313,post_box
"3,2",post_box, ,2.230325,48.88726,post_box
"3,3",post_box, ,2.231081,48.888926,post_box
"7,0",post_box, ,2.236152,48.88586,post_box
"8,12",post_box, ,2.236915,48.896625,post_box
"8,2",post_box, ,2.236965,48.887757,post_box
"9,2",portuguese restaurant,Katclara,2.238960564,48.88841608,portuguese restaurant
"11,6",police,Police nationale,2.242212,48.891299,police
"3,7",plaza,Terrasse Valmy,2.231720306,48.89280008,plaza
"17,1",plaza,Terrasse Bellini,2.251313152,48.88703513,plaza
"11,9",plaza,Square Henri Regnault,2.2424528,48.89426711,plaza
"13,4",plaza,Square des Corolles,2.245180607,48.89002486,plaza
"0,0",plaza,Rond-point des Bergères,2.227166891,48.88510073,plaza
"14,7",plaza,Place des Vosges,2.246882919,48.8928331,plaza
"18,3",plaza,Place des Saisons,2.252132893,48.88934059,plaza
"14,4",plaza,Place des Reflets,2.246964276,48.89015112,plaza
"16,4",plaza,Place des Miroirs,2.250390798,48.89037934,plaza
"18,1",plaza,Place des Dominos,2.252665992,48.88748317,plaza
"15,3",plaza,Place de l'Iris,2.248528944,48.8893621,plaza
"11,3",plaza,Place de la Pyramide,2.242817581,48.88933916,plaza
"11,5",plaza,Place de la Défense,2.242155075,48.89052571,plaza
"11,6",plaza,Place de la Coupole,2.242377698,48.89228499,plaza
"8,8",plaza,Place Carpeaux,2.238528728,48.89353072,plaza
"4,6",plaza,Cours Valmy,2.232284546,48.89217637,plaza
"14,2",plaza,Cours Michelet,2.247393429,48.8878764,plaza
"9,9",plaza,Allée de l'Arche,2.23929616,48.89485216,plaza
"0,3",playground, ,2.226983,48.888906,playground
"0,8",playground, ,2.226551,48.892908,playground
"0,8",playground, ,2.226515,48.89287,playground
"18,6",playground, ,2.252268,48.891122,playground
"2,2",playground, ,2.229228,48.887823,playground
"4,3",playground, ,2.231708,48.888188,playground
"6,2",playground, ,2.235205,48.887369,playground
"19,6",pizzeria,Venezia,2.25398764,48.8915662,pizzeria
"15,8",pizzeria,Trattoria Pizzeria d'Angelo,2.248456236,48.8935311,pizzeria
"7,11",pizzeria,Toast And Pizz,2.237168849,48.89641387,pizzeria
"13,11",pizzeria,San Marco,2.245379,48.896545,pizzeria
"16,10",pizzeria,Madrissio,2.250024676,48.89542991,pizzeria
"9,12",pizzeria,Le Bistrot de Courbevoie,2.240322456,48.89792317,pizzeria
"16,11",pitch, ,2.248485,48.895425,pitch
"3,5",pitch, ,2.230943,48.890411,pitch
"6,11",pitch, ,2.234667,48.895885,pitch
"19,7",pharmacy,Pharmacie Victor Hugo,2.253093,48.891883,pharmacy
"15,4",pharmacy,Pharmacie Manhattan,2.247631,48.889387,pharmacy
"7,12",pharmacy,Pharmacie Léonard de Vinci,2.236445,48.896785,pharmacy
"4,4",pharmacy,Pharmacie des Bouvets,2.231538,48.889065,pharmacy
"18,10",pharmacy,Pharmacie Charras,2.251827,48.895047,pharmacy
"17,11",pharmacy,Pharmacie Centrale,2.249524,48.895371,pharmacy
"16,1",pharmacy,Pharmacie Bellini,2.248819,48.88667,pharmacy
"1,11",pharmacy,Parapharmacie Les Terrasses de l'Arche,2.227806,48.895402,pharmacy
"7,10",pedestrian plaza,Esplanade Mona Lisa,2.23644197,48.89585059,pedestrian plaza
"15,2",pedestrian plaza,Esplanade du Général de Gaulle,2.248034477,48.88860693,pedestrian plaza
"18,2",park,Square Vivaldi,2.252692,48.888575,park
"1,0",park,Square president wilson,2.228045277,48.88568535,park
"3,2",park,Place des Marées,2.231245549,48.88785484,park
"17,7",park,Parc Diderot,2.250209692,48.89197935,park
"19,9",park,Parc des Pléiades,2.254434228,48.89474957,park
"8,12",optician,Optique de l'Arche,2.237102,48.896485,optician
"9,7",optician,Optic 2000,2.238936,48.892527,optician
"3,4",optician,Netoptic,2.230933,48.889457,optician
"16,10",optician,Lissac,2.249332,48.89496,optician
"17,11",optician,Krys,2.249592,48.895697,optician
"10,5",optician,Grand Optical,2.240042,48.890215,optician
"16,11",optician,Art - Optic,2.248837,48.896223,optician
"16,12",optician,Alain Afflelou,2.248313,48.896617,optician
"8,7",newsagent,Relay,2.237034,48.892558,newsagent
"3,0",newsagent,Le Totem,2.231129,48.886311,newsagent
"15,4",newsagent, ,2.24776,48.889559,newsagent
"8,7",newsagent, ,2.237201,48.891899,newsagent
"11,5",museum,Musée de la Défense,2.242299,48.890773,museum
"3,3",moroccan restaurant,Aux Delices de Puteaux,2.231247872,48.8891323,moroccan restaurant
"18,2",modern european restaurant,Restaurant de l'Hôtel Novotel Paris la Défense,2.253011,48.888035,modern european restaurant
"8,7",miscellaneous store,Nespresso,2.23864,48.892504,miscellaneous store
"0,4",miscellaneous store,Mayanne Evenementiel,2.22770034,48.8904719,miscellaneous store
"7,5",mexican restaurant,Chipotle Mexican Grill,2.237639,48.8913475,mexican restaurant
"4,9",memorial,Monuments aux morts pour la France,2.232531,48.893893,memorial
"17,10",memorial,Général de Gaulle,2.250367,48.895127,memorial
"17,2",lounge,Meliá The Place,2.250406891,48.88848136,lounge
"4,7",lounge,Executive Lounge de l'Hôtel Renaissance Paris la Défense,2.232963145,48.89263096,lounge
"14,0",laundry,Séquoia,2.24588,48.885955,laundry
"3,4",laundry,Pressing,2.230825,48.889592,laundry
"16,12",laundry,Milo-Pressing,2.248512,48.89637,laundry
"3,4",laundry,Laverie,2.230722,48.889797,laundry
"4,1",laundry,De Gaulle Pressing,2.231927,48.886636,laundry
"6,12",laundry,5àsec,2.235024,48.89639,laundry
"12,0",laundry, ,2.243435,48.886024,laundry
"16,9",laundry, ,2.248461,48.893606,laundry
"8,6",landmarks and outdoors,Parvis de la Défense,2.238657475,48.8916967,landmarks and outdoors
"15,4",kindergarten,Saperlipopette,2.246734,48.889498,kindergarten
"15,6",kindergarten,Plumes et Compagnies,2.247306,48.891552,kindergarten
"12,11",kindergarten,Crèche Les Chérubins,2.243878,48.895359,kindergarten
"6,0",kindergarten,Crèche Les 3 Ours,2.234401,48.886057,kindergarten
"5,4",kindergarten,Crèche des Jardins,2.233339,48.889612,kindergarten
"12,1",kindergarten,Crèche des Arcades,2.243509,48.886509,kindergarten
"1,2",kindergarten,Accueil familial Amitié-Rosiers,2.22773,48.88795,kindergarten
"4,1",japanese restaurant,Sushi Times,2.232457548,48.88690658,japanese restaurant
"0,10",japanese restaurant,Kyoto,2.226538775,48.89557831,japanese restaurant
"7,5",italian restaurant,Vapiano,2.236055526,48.89111698,italian restaurant
"15,2",italian restaurant,Pizzeria Andréa,2.24819541,48.88792264,italian restaurant
"12,4",italian restaurant,IT Trattoria,2.243485,48.889989,italian restaurant
"19,2",hotels,Novotel Paris La Défense,2.252674,48.887909,hotels
"18,11",hotels,Mercure,2.25125,48.895797,hotels
"18,11",hotels,Le Timgad,2.253001573,48.89662819,hotels
"16,9",hotels,La Régence,2.248207,48.894283,hotels
"3,0",hotels,Ibis Budget,2.230112,48.88587,hotels
"9,8",hotels,Hilton Paris La Defense,2.238288,48.892843,hotels
"19,2",hotels,H?tel ibis Paris La Défense Centre,2.252929,48.88802,hotels
"16,9",hotels,Adagio Aparthotel La Défense Kleber,2.248671,48.894326,hotels
"17,2",hotel bar,Skyline Bar & Lounge,2.25058794,48.88841646,hotel bar
"1,10",health and medicine,Pharmacie Terrasses de l'Arche,2.227446,48.895124,health and medicine
"0,3",hairdresser,The Pablo,2.227083,48.888458,hairdresser
"0,0",hairdresser,salon de coiffure,2.226901,48.885737,hairdresser
"15,12",hairdresser,Saint Algue,2.24792,48.897105,hairdresser
"11,0",hairdresser,Queen's Hair,2.242411,48.885513,hairdresser
"15,9",hairdresser,M-Ka Coiffures,2.247717,48.893923,hairdresser
"12,0",hairdresser,Line André coiffure,2.242668,48.885894,hairdresser
"8,12",hairdresser,Jean-Claude Biguine,2.237205,48.896972,hairdresser
"14,0",hairdresser,Jean Louis David,2.245641,48.886156,hairdresser
"15,4",hairdresser,Franck Provost,2.247976,48.889509,hairdresser
"3,3",hairdresser,Capelli Studio,2.23128,48.889036,hairdresser
"0,11",hairdresser,Biguine,2.226266,48.895894,hairdresser
"17,11",hairdresser,Alain Pagès,2.249674,48.895638,hairdresser
"18,11",hairdresser, ,2.251676,48.895342,hairdresser
"19,10",hairdresser, ,2.252513,48.894722,hairdresser
"16,4",hair salon,Franck Provost (Franck Provost - Coiffeur Courbevoie),2.249867,48.889706,hair salon
"6,5",grocery store / supermarket,Auchan,2.2350577,48.8912385,grocery store / supermarket
"7,12",greengrocer,Les Jardins de Courbevoie,2.235506,48.896559,greengrocer
"5,0",gastropub,L'Escargot 1903,2.234567776,48.88543655,gastropub
"3,8",garden,Jardins de l'Arche,2.23115855,48.89403754,garden
"16,12",furniture_shop,Mobalpa,2.248389,48.896784,furniture_shop
"4,1",furniture_shop,MC Diffusion,2.232036,48.886731,furniture_shop
"19,12",furniture_shop,Gautier,2.252776,48.896284,furniture_shop
"19,11",furniture_shop,Dreami,2.252359,48.896046,furniture_shop
"6,6",furniture and home store,Søstrene Grene,2.236050661,48.89164203,furniture and home store
"8,5",furniture and home store,Maisons du Monde,2.238032668,48.89070188,furniture and home store
"9,7",furniture and home store,Habitat la Défense,2.239612,48.89267,furniture and home store
"7,5",frozen yogurt shop,So Cream,2.236358,48.891044,frozen yogurt shop
"14,2",french restaurant,Les Canailles,2.246578038,48.88832718,french restaurant
"0,0",french restaurant,Le Relais des Bergères,2.225900888,48.88537185,french restaurant
"6,4",french restaurant,Le Ferney,2.23561228,48.8898544,french restaurant
"17,0",french restaurant,Brasserie le Paris Défense,2.250990272,48.88602493,french restaurant
"7,10",french restaurant,Bistro du Faubourg,2.23745048,48.89618287,french restaurant
"18,3",french restaurant,Bistro d'Édouard,2.252402045,48.88956618,french restaurant
"11,4",fountain,Fontaine Agam,2.24270761,48.8903811,fountain
"16,2",fountain,Bassin Takis,2.25030899,48.88797203,fountain
"18,0",fountain, ,2.250944,48.885706,fountain
"7,5",food court,Le Dôme de la Défense,2.236407101,48.89064453,food court
"3,4",florist,O Fleurs d'à Coté,2.230688,48.889838,florist
"16,12",florist,Monceau Fleurs,2.248544,48.896595,florist
"15,12",fish market,Poissonnerie la Vague (Poissonnerie La Vague),2.24796474,48.89735725,fish market
"0,11",financial service,AXA France Services,2.227746248,48.89641828,financial service
"13,1",fast_food,Trattoria Piccino,2.244724,48.886541,fast_food
"15,3",fast_food,Titanka,2.247914,48.888395,fast_food
"16,11",fast_food,The Place to B,2.248885,48.896165,fast_food
"16,9",fast_food,Tak'Eat,2.249027,48.893794,fast_food
"16,9",fast_food,Sweet T House,2.248101,48.89418,fast_food
"16,11",fast_food,Subway,2.248719,48.895808,fast_food
"0,11",fast_food,Spok,2.226442,48.895809,fast_food
"15,2",fast_food,Pomme de Pain,2.247383,48.888029,fast_food
"17,12",fast_food,Pizza King,2.250277,48.896848,fast_food
"1,2",fast_food,Pizz' Appétit,2.227388,48.887635,fast_food
"15,2",fast_food,Pasta Bella,2.247469,48.888001,fast_food
"17,2",fast_food,Paririe,2.250643,48.887722,fast_food
"19,8",fast_food,O'MG,2.253423,48.892688,fast_food
"16,11",fast_food,McDonald's,2.248763,48.895977,fast_food
"0,3",fast_food,Mag Bucket,2.226742,48.888475,fast_food
"1,3",fast_food,Le Pica,2.22718,48.888506,fast_food
"3,4",fast_food,Le Joker,2.230788,48.889643,fast_food
"0,3",fast_food,Le Dream,2.226963,48.888158,fast_food
"15,9",fast_food,La Gourmandise,2.247794,48.893956,fast_food
"7,6",fast_food,Jour,2.236082,48.891686,fast_food
"6,12",fast_food,Grill Dehliz,2.235278,48.896461,fast_food
"10,12",fast_food,Friends & Fries,2.240532,48.896371,fast_food
"7,6",fast_food,Five Guys,2.236215,48.891571,fast_food
"13,4",fast_food,Exki,2.243987,48.889335,fast_food
"14,8",fast_food,équi Eat,2.246361,48.893359,fast_food
"15,9",fast_food,Dehliz,2.247171,48.893704,fast_food
"17,11",fast_food,Chicken Best,2.249864,48.895503,fast_food
"1,2",fast_food,Burger’ppétit,2.227397,48.887722,fast_food
"18,2",fast_food,Bio Burger,2.250978,48.887757,fast_food
"3,9",fast_food,Big Fernand,2.231193,48.894263,fast_food
"15,2",fast_food,Anka,2.247614,48.888031,fast_food
"19,8",fast_food,Amaken,2.25331,48.892818,fast_food
"15,9",fast_food,Alyssa,2.247427,48.893801,fast_food
"16,12",fast_food, ,2.248646,48.896461,fast_food
"18,11",fast_food, ,2.251264,48.895415,fast_food
"3,7",fast food restaurant,Yin's,2.231105828,48.89278202,fast food restaurant
"6,6",fast food restaurant,Scoozi,2.235157192,48.8919291,fast food restaurant
"0,0",fast food restaurant,Pizza Naim,2.227217122,48.88575253,fast food restaurant
"15,2",fast food restaurant,Ma Bento,2.247739434,48.88843762,fast food restaurant
"15,12",fast food restaurant,Grill d'Istambul,2.247774303,48.89718444,fast food restaurant
"14,4",fast food restaurant,El Karim,2.247172642,48.88981711,fast food restaurant
"7,5",fast food restaurant,Bretzel Love,2.23594802,48.89107702,fast food restaurant
"7,10",fast food restaurant,Aubrac Corner la Defense,2.236935496,48.89585136,fast food restaurant
"15,2",fast food restaurant,Ankka,2.247593,48.88789,fast food restaurant
"8,5",electronics store,Apple Store,2.2371343,48.890078,electronics store
"8,6",drugstore,Pharmacie du Rer,2.238691,48.891796,drugstore
"15,9",doityourself,COPA,2.247671,48.893904,doityourself
"11,4",doctors,Point Vision,2.242467,48.889587,doctors
"11,2",doctors,Emeric Goubely - Ostéopathe Puteaux,2.241654,48.887941,doctors
"13,1",doctors,Elise FERTOUT-AHAROUNI,2.244796,48.886575,doctors
"14,4",doctors,Beno?t Gaultier - Ostéopathe D.O.,2.245871,48.889639,doctors
"15,2",diner,Pico,2.247789843,48.88845494,diner
"8,12",dentist,Thibous,2.237913,48.896545,dentist
"13,1",dentist,Stéphane AHAROUNI,2.244778,48.88658,dentist
"8,12",dentist,SEL Dentaire du Faubourg de l'Arche,2.236979,48.896582,dentist
"8,12",dentist,Fonteneau,2.237915,48.896523,dentist
"10,11",dentist,Dental Santé,2.240729,48.895988,dentist
"7,5",cupcake shop,Berko,2.236507515,48.89109759,cupcake shop
"14,12",creperie,Brother's Crêpes & Café,2.247135937,48.89796206,creperie
"8,5",cosmetics store,Sephora,2.236586,48.890427,cosmetics store
"8,5",cosmetics store,Lush,2.238199573,48.89084687,cosmetics store
"14,0",convenience,Thiriet,2.245817,48.886009,convenience
"16,11",convenience,Naturalia,2.249283,48.89555,convenience
"15,9",convenience,GAM,2.247605,48.893876,convenience
"3,4",convenience,Fruit et Légume,2.230644,48.88989,convenience
"0,3",convenience,Déstockage Alimentaire,2.226866,48.888165,convenience
"1,3",convenience,Chez Baba,2.227546,48.888477,convenience
"5,0",convenience,AZMARKET,2.234022,48.886053,convenience
"4,3",convenience,Alimentation Marcelin Berthelot,2.231371,48.888981,convenience
"10,12",convenience,Alimentation Générale,2.240445,48.896947,convenience
"0,0",convenience, ,2.226678,48.885671,convenience
"12,0",convenience, ,2.243242,48.885936,convenience
"17,0",convenience, ,2.25065,48.885489,convenience
"9,7",computers and electronics retail,Fnac,2.23958508,48.89262532,computers and electronics retail
"1,6",community_centre,Salle polyvalente Espace Gorki,2.228218,48.891102,community_centre
"19,6",community_centre,Espace parents de la ville de Courbevoie,2.253148,48.891168,community_centre
"7,8",college,Exchange College,2.235748,48.892993,college
"7,8",college,école Conte,2.236202,48.892926,college
"7,7",college,Digital College Paris La Défense,2.236711,48.892636,college
"7,8",college,"Ascencia Business School La Défense, Grande Arche",2.235602,48.893034,college
"12,5",coffee shop,Starbucks Coffee Coeur Défense,2.243591398,48.89064351,coffee shop
"18,4",coffee shop,Le Chill' Sandwich & Coffee,2.252399772,48.88965749,coffee shop
"8,5",clothing store,Uniqlo,2.237852811,48.89069676,clothing store
"9,4",clothing store,Pull&Bear,2.240371406,48.89027771,clothing store
"7,5",clothing store,Michael Kors,2.237004775,48.89127134,clothing store
"8,4",clothing store,H&M,2.238676035,48.89049293,clothing store
"9,7",clothing store,Décathlon,2.239547968,48.89259961,clothing store
"15,12",clothes,Urban Mood,2.24805,48.896944,clothes
"16,12",clothes,Katia,2.248451,48.896446,clothes
"14,8",clothes,Jann's,2.246015,48.893215,clothes
"16,11",clothes,Comptoir des Parisiennes,2.248685,48.896156,clothes
"6,6",cinema,UGC Ciné Cité La Défense,2.23532,48.891095,cinema
"18,4",chinese restaurant,Dynasty 168,2.252025604,48.89026823,chinese restaurant
"1,6",casino,Secret casino,2.227889569,48.89191182,casino
"15,6",car_wash,Total Wash,2.247798,48.89127,car_wash
"0,0",car_rental,Rent a Car,2.226407,48.885539,car_rental
"14,7",car_rental,Autolib',2.245368,48.892324,car_rental
"16,9",car_rental,Agence Sixt,2.248898,48.893749,car_rental
"1,10",car_dealership,Toyota,2.228396,48.895336,car_dealership
"15,3",cafe,Starbucks,2.247601,48.888461,cafe
"7,12",cafe,Le Vinci,2.235904,48.896635,cafe
"6,10",cafe,La Caféteria,2.236256092,48.89617166,cafe
"18,2",cafe,Coutume,2.251017,48.887834,cafe
"12,0",cafe,Caffe Chic,2.244332,48.885069,cafe
"2,5",cafe,Café Chassagne,2.230053611,48.89135666,cafe
"17,11",butcher,La Ferme de Courbevoie,2.250347,48.89561,butcher
"12,0",butcher,Boucherie République,2.242737,48.885916,butcher
"3,4",butcher,Boucherie Besnard,2.230844,48.889561,butcher
"8,5",burrito restaurant,Pepperico,2.238587,48.890714,burrito restaurant
"8,10",burger joint,Quinte & Sens,2.238928378,48.89503756,burger joint
"7,10",burger joint,Day's Café,2.237275332,48.89559794,burger joint
"0,10",burger joint,Aréna Café,2.226179922,48.89539805,burger joint
"14,12",burger joint,85 Ozo Maison Burger,2.247355878,48.89774165,burger joint
"17,5",bridge,Passerelle Louis Blanc,2.251019776,48.89060334,bridge
"14,1",bridge,Passerelle des Vignes,2.247093022,48.88733287,bridge
"15,1",bridge,Passerelle de l'Orme,2.248849869,48.88705316,bridge
"16,4",bridge,Passerelle d'Alsace,2.249223,48.890161,bridge
"18,2",breakfast spot,Petit-déjeuner @ Fraser Suites,2.252474,48.888076,breakfast spot
"18,2",breakfast spot,ibis Breakfast Room (Petit Déjeuner @ Hôtel ibis Paris La Défense Centre),2.252460122,48.88830712,breakfast spot
"8,12",brasserie,Le Bistro d'Edouard,2.238588933,48.8971921,brasserie
"19,8",bowling alley,Bowling Charras,2.253300234,48.89409836,bowling alley
"15,9",bicycle_shop,Green Mobility,2.247958,48.894122,bicycle_shop
"6,8",bicycle_shop,Atelier Cyclofix,2.234782,48.892724,bicycle_shop
"19,12",bicyclerental,Place Charles de Gaulle,2.252431,48.896611,bicycle_rental
"14,0",beverages,Nicolas,2.245731,48.886079,beverages
"15,10",beverages,La Caisse de Bières,2.246865,48.895147,beverages
"8,5",beauty_shop,Yves Rocher,2.238003,48.890825,beauty_shop
"4,4",beauty_shop,Naturel Beauty,2.231655,48.889144,beauty_shop
"16,8",beauty_shop,Matis,2.248248,48.893509,beauty_shop
"16,9",beauty_shop,L'Onglerie,2.24877,48.893733,beauty_shop
"15,12",beauty_shop,Le Cocon d'Edwige,2.248082,48.896904,beauty_shop
"11,0",beauty_shop,La Griffe,2.242297,48.885478,beauty_shop
"12,0",beauty_shop,Institut Respire,2.242522,48.885525,beauty_shop
"11,0",beauty_shop,Espace Epilation,2.242482,48.88554,beauty_shop
"16,10",beauty_shop,Bulle de Soins,2.24923,48.894932,beauty_shop
"7,1",basketball court,Terrain de Basket Puteaux,2.236645916,48.88704606,basketball court
"16,12",bar,Teddy Beer,2.248144,48.896827,bar
"19,12",bar,Restaurant Le Timgad,2.252873,48.896709,bar
"17,2",bar,Nodd Bar,2.250850797,48.88802846,bar
"14,2",bar,L'Italian Lounge at Sofitel Paris la Défense,2.247458738,48.8884927,bar
"5,1",bar,Le Wilson,2.233861462,48.88706702,bar
"15,4",bar,Le Nouveau Monde,2.248058,48.889333,bar
"0,0",bar,Le Montalegre,2.226769,48.8857,bar
"13,4",bar,Le Mond,2.24491775,48.89013773,bar
"17,10",bar,Le Garden Café,2.251403332,48.89521654,bar
"8,2",bar,Le Forum,2.239037007,48.88861027,bar
"15,2",bar,Duke Burger House,2.247835867,48.88788146,bar
"7,11",banking and finance,CIC Courbevoie Vinci,2.236889136,48.8969147,banking and finance
"10,5",bank,Société Générale,2.240657,48.890364,bank
"17,10",bank,LCL,2.249661,48.895263,bank
"11,6",bank,HSBC,2.24185,48.891482,bank
"16,11",bank,Crédit Mutuel,2.249407,48.895472,bank
"16,11",bank,Crédit Agricole Courbevoie Charras,2.249028,48.895724,bank
"18,11",bank,CIC Courbevoie Charras,2.251355,48.895462,bank
"11,6",bank,CIC,2.242119,48.891151,bank
"12,6",bank,Caisse d'épargne,2.242729,48.890975,bank
"16,12",bank,BRED,2.248337,48.896815,bank
"10,6",bank,BNP Paribas,2.240721,48.891665,bank
"6,5",bakery,Pret à Manger,2.2362235,48.8905024,bakery
"0,3",bakery,Poire de Pains,2.22704,48.888154,bakery
"15,2",bakery,Panam,2.247091,48.887954,bakery
"14,0",bakery,Les Fromentiers,2.245514,48.886221,bakery
"12,0",bakery,Les Fournils d'Antan,2.242691,48.885696,bakery
"6,12",bakery,La Joconde,2.234749,48.896365,bakery
"6,5",bakery,Brioche Dorée,2.235785408,48.89098168,bakery
"10,12",bakery,Boulangerie Patisserie Traiteur,2.240523,48.896481,bakery
"10,11",bakery,Boulangerie Pâtisserie Tiznit,2.240545079,48.89647717,bakery
"3,4",bakery,Boulangerie Gazon,2.230907,48.889496,bakery
"10,12",bakery,Boulangerie Faubourg de l'Arche,2.239827,48.897099,bakery
"7,7",bakery,Bonne Journée,2.236772,48.892212,bakery
"4,0",bakery, ,2.232576,48.886334,bakery
"4,3",bakery, ,2.231838,48.888769,bakery
"1,4",attraction,Serpent,2.22838,48.889302,attraction
"10,7",atm, ,2.240009,48.892554,atm
"15,4",atm, ,2.247006,48.889671,atm
"16,11",atm, ,2.24937,48.895463,atm
"16,11",atm, ,2.249097,48.8957,atm
"18,11",atm, ,2.251915,48.895825,atm
"18,11",atm, ,2.252065,48.895779,atm
"19,11",atm, ,2.252521,48.896096,atm
"19,11",atm, ,2.252613,48.896061,atm
"19,7",atm, ,2.253403,48.891996,atm
"3,4",atm, ,2.231075,48.889286,atm
"8,12",atm, ,2.237697,48.896808,atm
"8,7",atm, ,2.237713,48.89217,atm
"5,8",artwork,Slinky,2.23351,48.893085,artwork
"7,9",artwork,Slat,2.23557,48.893696,artwork
"15,5",artwork,Sculpture La Terre,2.247069,48.890167,artwork
"4,8",artwork,Scratching the surface,2.231847,48.893384,artwork
"17,4",artwork,PA1112 gros orange sur les escaliers en bas de la tour Between les miroirs,2.250198,48.889665,artwork
"9,3",artwork,Les Cheminées,2.238731,48.888977,artwork
"5,7",artwork,La voiture sur le lampadaire,2.233982,48.892438,artwork
"15,5",artwork,La Terre,2.246976,48.89006,artwork
"8,10",artwork,Ikaria,2.237,48.895296,artwork
"1,10",artwork,Fresques,2.227582,48.894936,artwork
"13,4",artwork,Fontaine Wallace,2.244695,48.88993,artwork
"8,10",artwork,Colosse,2.237843,48.894938,artwork
"9,7",artwork,cnit,2.239468,48.891867,artwork
"16,3",artwork,Banc public,2.249287,48.888295,artwork
"11,3",artwork, ,2.242363,48.888468,artwork
"12,3",artwork, ,2.24264,48.888853,artwork
"19,4",artwork, ,2.253361,48.889106,artwork
"5,7",artwork, ,2.233893,48.892269,artwork
"9,7",artwork, ,2.239125,48.892268,artwork
"10,6",amusementpark,Carrousel Jules Vernes,2.241090238,48.89148045,amusement park
"4,7",american restaurant,Le Californien,2.232860659,48.89258365,american restaurant
