,id,datetime,year,month,day_of_month,day_of_week,hour,minute,second,text,user_id,name,screen_name,follower_count,status_count,lang,lat,lng
20,1.49E+18,2022/1/26 18:07,2022,1,26,2,18,7,32,"I'm at Place de la Nation in Paris, Île-de-France https://t.co/UCEyXoRCia",393704932,Mehmet Emin ATALAY,meatalay,162,18710,,48.848366,2.395921
40,1.49E+18,2022/1/26 19:52,2022,1,26,2,19,52,11,"Isolement et télétravail avec baby J3 - 
Ressenti J14 #covid19 #teletravail #droledevie à Paris 12 https://t.co/A72rA1LEcW",78594000,A U D R E S S I N G,audressing,2559,21554,,48.843073,2.393291
97,1.49E+18,2022/1/27 14:29,2022,1,27,3,14,29,47,https://t.co/IpeVrLS0cS �?Zenith Paris - La Villette https://t.co/ljyjpwqxLu,104606541,Jean Pierre BERNARD,1956jpb,490,17342,,48.894173,2.393204
118,1.49E+18,2022/1/27 16:57,2022,1,27,3,16,57,6,"鈥淔riandise�? r茅alis�?par R茅my Barbe, est au 29e Festival International du Film Fantastique de G茅rardmer. Avec Pierr�?https://t.co/ANFyIGhCTH",35191726,AliasTalents,Alias_Talents,1093,12212,,48.85017,2.39184
77,1.49E+18,2022/1/27 13:32,2022,1,27,3,13,32,40,Vient de publier une photo �?La Petite Halle https://t.co/JgtOm83t38,10824592,inorsotolongo,inorsotolongo,54,148,,48.890254,2.390846
60,1.49E+18,2022/1/26 23:58,2022,1,26,2,23,58,43,Just posted a video @ United States of America https://t.co/ZscUhMeJyI,1.29E+18,Alhambra Studio Foundation,AzizLive360,2351,1239,,48.872217,2.387591
14,1.49E+18,2022/1/26 17:00,2022,1,26,2,17,0,14,"Baie des cochons �? Fromage de tête de cochon noir, huître utah beach, mole #brunoverjus #tableparis #table�?https://t.co/4SiurkaGtm",299797629,Verjus Bruno,bruno_verjus,2038,1880,,48.84876,2.37586
103,1.49E+18,2022/1/27 16:20,2022,1,27,3,16,20,42,Barbezieux forever �?@alexandre_dumasofficiel #brunoverjus #tableparis #table #barbezieux @lafermedelaruchotte �?Ta�?https://t.co/Ym0XedT1sU,299797629,Verjus Bruno,bruno_verjus,2038,1881,,48.84876,2.37586
95,1.49E+18,2022/1/27 14:26,2022,1,27,3,14,26,5,"Vient de publier une photo �?Gilles Drouault, galerie/multiples https://t.co/qkHyv2ECHt",2814533891,"Gilles Drouault, galerie/multiples",GDgaleriemulti,396,2090,,48.858006,2.364954
89,1.49E+18,2022/1/27 14:03,2022,1,27,3,14,3,41,"Paint It Black, 1966 @ Rue de Turenne https://t.co/DIZGx3ZCit",20070643,Raoul Shah,Raouls,1313,5778,,48.860331,2.364676
112,1.49E+18,2022/1/27 16:30,2022,1,27,3,16,30,53,"芦聽Even hearts made out of steel can break down.聽禄

I鈥檓 not { J O A N of A R C - Louise Ciccone } �?LA MANGERIE https://t.co/FFYUaSlZhA",254763396,Black Velvet Inferno,_LeMale,608,105278,,48.85569,2.36281
122,1.49E+18,2022/1/27 17:16,2022,1,27,3,17,16,19,"""Certains hommes esp茅raient entrer dans l'histoire. Nous 茅tions quelques-uns �?pr茅f茅rer dispara卯tre dans la g茅ograp�?https://t.co/YklVDzX4ju",1243641540,k茅k�?kekee_42,2728,76486,,,48.85732479,2.362638
73,1.49E+18,2022/1/27 13:00,2022,1,27,3,13,0,5,"Ready for work that wows? Join our team of creatives at BCD Meeting and Events. https://t.co/mL4T17Am9D #Paris, IDF",33331604,TMJ-FRA Advert. Jobs,tmj_fra_adv,254,410,,48.878562,2.360369
13,1.49E+18,2022/1/26 16:59,2022,1,26,2,16,59,0,Just posted a photo @ Le Marais -Paris 4 ème https://t.co/Ys4wRSjBqM,601354408,audra harris,Audra66Audra,128,63107,,48.857482,2.358922
6,1.49E+18,2022/1/26 15:10,2022,1,26,2,15,10,58,"Love, sex, beauty, nature, being human: the new exhibition of Francesco Clemente @levygorvy in Paris is magnificent�?https://t.co/of1vrAx7Nv",121042325,judith benhamou-huet 居蒂�?judithbenhamou,5346,12377,,,48.86064,2.35616
143,1.49E+18,2022/1/27 19:38,2022,1,27,3,19,38,13,"#JeudiBeuverie (@ Le Quetzal in Paris, 脦le-de-France) https://t.co/qK99ZFTjn6",70417448,Thomas,chelmi62,679,39552,,48.85713,2.355247
58,1.49E+18,2022/1/26 23:26,2022,1,26,2,23,26,37,"Micropigmentation des lèvres, neutralisation

#lovelylips #blackbeauty #paris1er #lipstattoo #since16years�?https://t.co/ChZJ7CKbrC",81081778,MAQUIDERM,maquiderm,876,1384,,48.865191,2.354931
141,1.49E+18,2022/1/27 19:26,2022,1,27,3,19,26,28,To fall in love with yourself is the first secret to happiness. @ Mars https://t.co/8vFxj6moAW,7.69E+17,Muhammad Shoaib Ashraf,xhoaib_axhraf,12,72,,48.835534,2.353346
3,1.49E+18,2022/1/26 14:58,2022,1,26,2,14,58,38,This job might be a great fit for you: Sales Development Representative - https://t.co/NbGRiLWKIa #Sales #SalesStrategy,33112311,TMJ-FRA Sales Jobs,tmj_fra_sales,329,688,,48.856614,2.352222
12,1.49E+18,2022/1/26 16:58,2022,1,26,2,16,58,34,"We're hiring! Read about our latest job opening here: Global Presales Solution Architect - https://t.co/0rXDgNxcK5 #Paris, Île-de-France",38177097,TMJ-FRA Jobs,tmj_fra_jobs,479,754,,48.856614,2.352222
68,1.49E+18,2022/1/27 12:32,2022,1,27,3,12,32,46,"Don't be shy. Score a job like ""Software Engineering Leader H/F - Join our R&amp;D team!"" at Ericsson by asking for ref�?https://t.co/zqGS6IY1Hm",38177097,TMJ-FRA Jobs,tmj_fra_jobs,479,755,,48.856614,2.352222
80,1.49E+18,2022/1/27 13:39,2022,1,27,3,13,39,37,"Want to work at Ericsson? We're hiring in #Paris, 脦le-de-France! Click for details: https://t.co/al5Ju98qgF",38177097,TMJ-FRA Jobs,tmj_fra_jobs,479,756,,48.856614,2.352222
23,1.49E+18,2022/1/26 19:10,2022,1,26,2,19,10,56,Vient de publier une photo à Ville de Paris https://t.co/Lv4f5VzXR6,2861038929,arty & gastronomy,arty_gastronomy,69,1274,,48.856527,2.352126
15,1.49E+18,2022/1/26 17:01,2022,1,26,2,17,1,0,"good pisklet
good manners
🤝

#unjourunephotomaispaschaquejour @ Centre Pompidou https://t.co/u89v3s76Cj",355141520,Eddy Twįtter,pourqwhy,1488,110628,,48.860516,2.351733
25,1.49E+18,2022/1/26 19:11,2022,1,26,2,19,11,12,Vient de publier une photo à Centre Pompidou https://t.co/VE10fMxrXS,2861038929,arty & gastronomy,arty_gastronomy,69,1276,,48.860516,2.351733
28,1.49E+18,2022/1/26 19:11,2022,1,26,2,19,11,57,Vient de publier une photo à Centre Pompidou https://t.co/fEqFHPsJVN,2861038929,arty & gastronomy,arty_gastronomy,69,1281,,48.860516,2.351733
64,1.49E+18,2022/1/27 12:19,2022,1,27,3,12,19,33,Art contemporain 1 馃帹馃懆馃徏鈥嶐�?�?Centre Pompidou https://t.co/bYycOGQL69,1.18E+18,Le 銆斤�?Mehmet_Polat_10,48,862,,,48.86051583,2.351733
67,1.49E+18,2022/1/27 12:28,2022,1,27,3,12,28,40,L鈥檃rt contemporain 2 馃帹馃懆馃徏鈥嶐�?�?Centre Pompidou https://t.co/2WBKKcq8rC,1.18E+18,Le 銆斤�?Mehmet_Polat_10,47,863,,,48.86051583,2.351733
84,1.49E+18,2022/1/27 13:54,2022,1,27,3,13,54,24,The Matisse called the Romanian shirt and the Romanian shirt by Yves Saint Laurent inspired by Matisse�?https://t.co/wJvgH3RSvq,121042325,judith benhamou-huet 灞呰拏涓?judithbenhamou,5346,12378,,,48.86051583,2.351733
87,1.49E+18,2022/1/27 13:59,2022,1,27,3,13,59,40,Imaginary dialogue between Etel Adnan and Yves Saint Laurent @centrepompidou #judithbenhamouhuetreports�?https://t.co/TNpv6OLIIi,121042325,judith benhamou-huet 灞呰拏涓?judithbenhamou,5346,12380,,,48.86051583,2.351733
110,1.49E+18,2022/1/27 16:29,2022,1,27,3,16,29,43,Vient de publier une photo �?France https://t.co/VdX53KB2jq,1.47E+18,Haschill,haschillcbd,0,14,,48.856316,2.351192
1,1.49E+18,2022/1/26 14:54,2022,1,26,2,14,54,54,"Art and fashion are seamless - Schiaparelli Haute Couture 2022

#darrenransdelldesign #schiaparelli #huatecouture�?https://t.co/ZdL0hoY59j",24829139,DarrenRansdellDesign,DarrenRansdell,375,3399,,48.8567,2.3508
17,1.49E+18,2022/1/26 17:53,2022,1,26,2,17,53,59,"23th Birthday 🎂 
——�?
Après ça on devient des chefs👑
📸 @_renzag à Paris, France https://t.co/OK6WOdNgEz",1405102669,Jonathan Seboun,HayronSJ,9225,36638,,48.8567,2.3508
27,1.49E+18,2022/1/26 19:11,2022,1,26,2,19,11,47,Vient de publier une photo à 𝑷𝑨𝑹𝑨𝑫𝑰𝑺𝑬 https://t.co/XqmnE6A8Kr,2861038929,arty & gastronomy,arty_gastronomy,69,1280,,48.8567,2.3508
30,1.49E+18,2022/1/26 19:22,2022,1,26,2,19,22,27,"@velibmetropole
2022-01-26 à Paris, France https://t.co/QZ2Zm1EnMm",1.43E+18,photo.svkru,photosvkru,6,3070,,48.8567,2.3508
31,1.49E+18,2022/1/26 19:31,2022,1,26,2,19,31,51,"Hat gerade ein Foto gepostet @ Paris, France https://t.co/c9kT7UQvuO",1.08E+18,wearetravelgays,wearetravelgays,281,4670,,48.8567,2.3508
42,1.49E+18,2022/1/26 19:58,2022,1,26,2,19,58,21,"C’est ce week-end 
Escale à Paris sur E-Amui
je serais en direct d’un endroit de la capitale .... surprise !!! 🇵🇫🇵🇫�?https://t.co/Ga7J2M2iar",8.47E+17,Vikura Tahiti Inc.,vikuratahiti,21,302,,48.8567,2.3508
43,1.49E+18,2022/1/26 19:58,2022,1,26,2,19,58,34,Muse live by HP #dronesworldtour #paris #2016 #livephotography #bandphotographer #muse #drones #matthewbellamy�?https://t.co/V4d678HIbO,54327714,Hans-Peter,hapevv,2879,14262,,48.8567,2.3508
44,1.49E+18,2022/1/26 20:01,2022,1,26,2,20,1,21,"Good morning Paris.
Image courtesy @xeniaadonts 
#hlgrafdesign #interiordesign #frenchmodernism #modernorganic�?https://t.co/GoCqAx1sJN",95189207,Heidi Graf,hgraf21,71,419,,48.8567,2.3508
45,1.49E+18,2022/1/26 20:05,2022,1,26,2,20,5,47,"#parisjetaime @ Paris, France https://t.co/Xjiw5iIWIz",20234335,Oleg Kapush,inviz3000,679,5635,,48.8567,2.3508
49,1.49E+18,2022/1/26 20:56,2022,1,26,2,20,56,22,"Vient de publier une photo à Paris, France https://t.co/vlGdrGgC9F",4338532889,OéBa Escaliers à votre mesure,OebaEscalier,543,841,,48.8567,2.3508
52,1.49E+18,2022/1/26 20:59,2022,1,26,2,20,59,51,"Vient de publier une photo à Paris, France https://t.co/mCoqedQwiC",1021521306,Kevin G Cordoba,KevinGCordoba,708,1253,,48.8567,2.3508
66,1.49E+18,2022/1/27 12:28,2022,1,27,3,12,28,0,"Vient de publier une photo �?Paris, France https://t.co/od8idnkSwU",1.44E+18,R茅mi,remthse,32,46,,48.8567,2.3508
69,1.49E+18,2022/1/27 12:33,2022,1,27,3,12,33,34,"Hat gerade ein Foto gepostet @ Paris, France https://t.co/MTHjhdvgFI",1.08E+18,wearetravelgays,wearetravelgays,281,4671,,48.8567,2.3508
71,1.49E+18,2022/1/27 12:44,2022,1,27,3,12,44,12,"!Feliz #jueves! en Par铆s, France https://t.co/aUGrtLcsNS",56218338,Juan Moreno,Blogaraje,2576,35773,,48.8567,2.3508
72,1.49E+18,2022/1/27 12:47,2022,1,27,3,12,47,0,"Walking the #line. @ Paris, France https://t.co/UglSzPqIds",26219347,GH Betbeze,ghbetbeze,784,18602,,48.8567,2.3508
78,1.49E+18,2022/1/27 13:37,2022,1,27,3,13,37,3,"Just posted a photo @ Paris, France https://t.co/Op0cOkDNTc",95087359,ricardofernandes,rf_artgallery,195,4587,,48.8567,2.3508
79,1.49E+18,2022/1/27 13:38,2022,1,27,3,13,38,30,"Just posted a photo @ Paris, France https://t.co/99V47ZRSo3",95087359,ricardofernandes,rf_artgallery,195,4588,,48.8567,2.3508
81,1.49E+18,2022/1/27 13:39,2022,1,27,3,13,39,39,"Just posted a photo @ Paris, France https://t.co/eaLv5Q0tWb",95087359,ricardofernandes,rf_artgallery,195,4589,,48.8567,2.3508
88,1.49E+18,2022/1/27 14:00,2022,1,27,3,14,0,32,Erick #Paris #streetphotography #internationalstreetphotography #picoftheday #blackandwhite #noiretblanc�?https://t.co/WKB8cfhGCs,109061885,ariel arias,locofotocuba66,620,2754,,48.8567,2.3508
90,1.49E+18,2022/1/27 14:03,2022,1,27,3,14,3,48,"#cammodel #photography #photooftheday #followme #sexylingerie #toysaddict #sexadicts �?Paris, France https://t.co/t1zE4XPEi6",1.48E+18,Aaa maayaa,maayaa_aaa,10,52,,48.8567,2.3508
94,1.49E+18,2022/1/27 14:21,2022,1,27,3,14,21,19,"Vient de publier une photo �?Paris, France https://t.co/YrtUHYgAST",7.00E+17,Laurent Danquigny,PhotoHome_fr,368,160,,48.8567,2.3508
105,1.49E+18,2022/1/27 16:25,2022,1,27,3,16,25,14,"@edfofficiel
2022-01-27 �?Paris, France https://t.co/Pxagfcubma",1.43E+18,photo.svkru,photosvkru,6,3095,,48.8567,2.3508
106,1.49E+18,2022/1/27 16:26,2022,1,27,3,16,26,42,"@orange
2022-01-27 �?Paris, France https://t.co/YHlpXKg4d1",1.43E+18,photo.svkru,photosvkru,6,3096,,48.8567,2.3508
107,1.49E+18,2022/1/27 16:27,2022,1,27,3,16,27,2,"Vient de publier une photo �?Paris, France https://t.co/TrRcnAAOuQ",2611913834,L'Ours Kiwi Paris,lourskiwi,142,367,,48.8567,2.3508
108,1.49E+18,2022/1/27 16:28,2022,1,27,3,16,28,2,"2022-01-27 �?Paris, France https://t.co/9VUQsS6LuZ",1.43E+18,photo.svkru,photosvkru,6,3097,,48.8567,2.3508
111,1.49E+18,2022/1/27 16:29,2022,1,27,3,16,29,59,"@liebherrconstruction
2022-01-27 �?Paris, France https://t.co/N09CA7Lw9j",1.43E+18,photo.svkru,photosvkru,6,3098,,48.8567,2.3508
121,1.49E+18,2022/1/27 17:03,2022,1,27,3,17,3,56,"螠蠈位喂�?未畏渭慰蟽委蔚蠀蟽蔚 渭喂�?蠁蠅蟿慰纬蟻伪蠁委伪 @ Paris, France https://t.co/OZFSzXp218",1246309626,vrettos vrettakos,vvrettakos,4818,1517,,48.8567,2.3508
126,1.49E+18,2022/1/27 18:33,2022,1,27,3,18,33,59,"Bonjour Paris. 馃尮 @ Paris, France https://t.co/zOzYdZWezL",40604568,娼樻棴涓?hawking81,11,463,,,48.8567,2.3508
129,1.49E+18,2022/1/27 18:48,2022,1,27,3,18,48,31,"2022 pinta bueno. 驴C贸mo arranc�?este a帽o para ti? en Paris, France https://t.co/LPiE8DiCVt",34744007,Johan Rosario,lahoralatina,390,7256,,48.8567,2.3508
132,1.49E+18,2022/1/27 18:54,2022,1,27,3,18,54,31,"@bof @kenzo @maisonvalentino @parisfashionweek 鉂わ笍Haute Couture baby�?#dressme Paris @ Paris, France https://t.co/OkZ54sLqeK",48029398,W Jewell Sparks,jewellsparks,2321,9915,,48.8567,2.3508
133,1.49E+18,2022/1/27 18:59,2022,1,27,3,18,59,35,"Just posted a photo @ Paris, France https://t.co/LbMmLKxT1H",16843624,Andrew J Turner,andrewjturner,548,2855,,48.8567,2.3508
135,1.49E+18,2022/1/27 19:16,2022,1,27,3,19,16,27,"#gaz
2022-01-27 �?Paris, France https://t.co/xiWaQsBYhx",1.43E+18,photo.svkru,photosvkru,6,3100,,48.8567,2.3508
136,1.49E+18,2022/1/27 19:17,2022,1,27,3,19,17,41,"2022-01-27 �?Paris, France https://t.co/GuHKcamDUU",1.43E+18,photo.svkru,photosvkru,6,3101,,48.8567,2.3508
137,1.49E+18,2022/1/27 19:18,2022,1,27,3,19,18,53,"@heineken
2022-01-27 �?Paris, France https://t.co/GsRqpQCd4q",1.43E+18,photo.svkru,photosvkru,6,3102,,48.8567,2.3508
144,1.49E+18,2022/1/27 19:38,2022,1,27,3,19,38,40,"Just posted a photo @ Paris, France https://t.co/MZQm3EMLqK",601354408,audra harris,Audra66Audra,129,63251,,48.8567,2.3508
145,1.49E+18,2022/1/27 19:39,2022,1,27,3,19,39,2,Acaba de publicar una foto en Rue des Messageries https://t.co/OkulYd4nrk,4321624535,Happy Travel - De Euskadiz al mundo,DeEuskadiz,5977,6771,,48.8763,2.34983
99,1.49E+18,2022/1/27 15:52,2022,1,27,3,15,52,21,Merci Mr G de ce retour 馃檹馃徏馃檹馃徏 Le fauteuil OHCO M8 : l鈥檜n des meilleurs fauteuils massant con莽u �?ce jour !! Venez l鈥欌�?https://t.co/JBxXplN8gu,1878413034,DETENTATION,DETENTATION,23,121,,48.86583,2.34959
8,1.49E+18,2022/1/26 16:45,2022,1,26,2,16,45,37,"Vient de publier une photo à Paris, France https://t.co/9qIqmNhcxO",110107809,Herve Paul,hervepaul,148,286,,48.8573,2.3492
21,1.49E+18,2022/1/26 19:10,2022,1,26,2,19,10,28,Vient de publier une photo à Cathédrale Notre-Dame de Paris https://t.co/E8sOG1zZwA,2861038929,arty & gastronomy,arty_gastronomy,69,1272,,48.8528,2.34878
57,1.49E+18,2022/1/26 21:14,2022,1,26,2,21,14,8,🗝 en Cathédrale Notre-Dame de Paris https://t.co/fyNRbPyWFw,732621649,Laura Terrel López,LauraTerrel,732,27872,,48.8528,2.34878
47,1.49E+18,2022/1/26 20:21,2022,1,26,2,20,21,11,"LipBlush 💋 

#lipblushtattoo #maquillagepermanentlevres #maquillagepermanentparis #embellilips #lipblush�?https://t.co/oNx67Zf8tb",81081778,MAQUIDERM,maquiderm,876,1382,,48.86343,2.34853
4,1.49E+18,2022/1/26 15:07,2022,1,26,2,15,7,15,Vient de publier une photo à 75018 https://t.co/UD2ZeUSR78,9.85E+17,@OprixFixe,OprixFixe,44,364,,48.892605,2.348267
2,1.49E+18,2022/1/26 14:58,2022,1,26,2,14,58,13,"Pendant deux semaines, redécouvrez la valeur des choses. Opération magasin 100% gratuit ! @ 59 Rivoli https://t.co/jUg5aLOJHO",2416030351,REFER,REEMPLOI_IDF,1371,1057,,48.85923,2.34566
0,1.49E+18,2022/1/26 14:49,2022,1,26,2,14,49,36,Vient de publier une photo à La Poste Louvre https://t.co/kn1pWBtVEW,1121724205,veyet Laurent,Laurent75002,62,1199,,48.86484,2.343
93,1.49E+18,2022/1/27 14:13,2022,1,27,3,14,13,12,Just posted a photo @ Montmartre https://t.co/Yl3mScRlbm,1.43E+18,Subhi Nure,SubhiNure,0,137,,48.88685,2.341882
102,1.49E+18,2022/1/27 16:07,2022,1,27,3,16,7,1,"@diamondplatnumz 馃 SIMBA ALIYEBAKIA ...鉂わ笍馃�?

#wilonderby #wilonderbyhimself馃實 #DiamondPlatnumz @ Diamond-platnumz fan�?https://t.co/aXxjNqs1MX",1.19E+18,WILLY PLATNUMZ 馃馃拵馃憫鈽嗏槅鈽?WilonDerby,53,866,,,48.85718,2.34141
70,1.49E+18,2022/1/27 12:34,2022,1,27,3,12,34,47,Vient de publier une photo �?Caves Legrand https://t.co/T0r2z7m0Cv,2807795802,Emmanuelle Vigne,VigneEmmanuelle,693,1559,,48.86626,2.33993
9,1.49E+18,2022/1/26 16:46,2022,1,26,2,16,46,14,"@dussica.paris Montmartre
#LameDeStyleTiffany #Lampe #StyleTiffany 
#TiffanyStyle #Lamp #Suspension 
#ArtDeco�?https://t.co/VTLEXYFtyb",7.57E+17,Dussica Paris,Dussica_Paris,8,81,,48.88471,2.33972
115,1.49E+18,2022/1/27 16:42,2022,1,27,3,16,42,37,"@dussica.paris Montmartre
#LameDeStyleTiffany #Lampe #StyleTiffany 
#TiffanyStyle #Lamp #Suspension 
#ArtDeco�?https://t.co/4WeSrAoYdg",7.57E+17,Dussica Paris,Dussica_Paris,8,82,,48.88471,2.33972
61,1.49E+18,2022/1/26 23:58,2022,1,26,2,23,58,58,"Mosaic floor, Opéra Comique (Salle Favart, built 1840 by Théodore Charpentier), Paris. @ Opéra Comique - Page offic�?https://t.co/KWZhgPN6ll",15741261,Anne-Elisabeth Moutet,moutet,17086,177702,,48.870951,2.337853
120,1.49E+18,2022/1/27 17:03,2022,1,27,3,17,3,19,"Hat gerade ein Foto gepostet @ Paris, France https://t.co/NEuNMThhFs",1.42E+18,byAshrafB Photography,byashrafb,8,28,,48.849445,2.3375
76,1.49E+18,2022/1/27 13:14,2022,1,27,3,13,14,3,Plaisir d鈥檃voir re莽u au S茅nat les d茅l茅gu茅s de classes du coll猫ge Clos St Vincent �?Noisy le Grand �?Palais du Luxem�?https://t.co/mklq9PZvB8,131550749,Gilbert ROGER,GilbertROGER_93,2804,6490,,48.848333,2.337222
134,1.49E+18,2022/1/27 19:00,2022,1,27,3,19,0,11,Bienvenue au Mus茅e du Louvre 馃柤锔忊潳锔忦煄煐岋笍馃嚝馃嚪馃嚜馃嚭 #louvre #france #paris #arte #pintura #museu #moderno #historico #viver�?https://t.co/UduCkJCxT1,59260923,Douglas Sena,DouglasBSSena,39,1587,,48.861762,2.337079
142,1.49E+18,2022/1/27 19:27,2022,1,27,3,19,27,18,"Un matin �?Paris 鉁▇
~
~
~
~
~
#paris #louvre #pyramidedulouvre #parisienne #photographer #photography #instagood�?https://t.co/X4FNvjuCQG",593998339,Capucine�?YouthBurzek,17245,454064,,,48.861086,2.335753
53,1.49E+18,2022/1/26 21:09,2022,1,26,2,21,9,47,#louvremuseum #pyramidlouvre #parisfrance #cristalpyramide #parisstyle #lugaresconencanto #culture #intagramphoto e�?https://t.co/6lmmkSSOPJ,72581885,Victor Casanova,v_casanova86,102,6092,,48.861089,2.33575
50,1.49E+18,2022/1/26 20:56,2022,1,26,2,20,56,37,"Reposted �?@premierhairandmakeup 
.
❤️ Hair by @sammcknight1 for @alexandrevauthier Spring Haute Couture show in Pa�?https://t.co/tA2xLOYqbV",29292567,Joanne O'Neill Hair,oneilljoanne,426,5128,,48.885588,2.335537
55,1.49E+18,2022/1/26 21:14,2022,1,26,2,21,14,1,Olsun..! Olsun mu? @ Paris https://t.co/tL95pY88MW,73427877,Ilhan Uckan,ilhanuckan,2106,11955,,48.885588,2.335537
114,1.49E+18,2022/1/27 16:34,2022,1,27,3,16,34,7,"Une vue de la Seine immortalis茅e ce matin pe'da't mon jogging....

I鉂わ笍Paris �?Paris https://t.co/MciXuYmyLj",4187493119,Manu A,manuparis17,1153,5061,,48.885588,2.335537
131,1.49E+18,2022/1/27 18:54,2022,1,27,3,18,54,17,Vient de publier une photo �?Paris https://t.co/1i0pCIXyUr,1322218022,Maram Al Masri,maramelmasri,1034,3145,,48.885588,2.335537
39,1.49E+18,2022/1/26 19:45,2022,1,26,2,19,45,43,Vient de publier une photo à Saint Sulpice https://t.co/1YJE2QP4WC,148721474,Laurent Grzybowski,lgrzybowski,4744,3390,,48.85042,2.33335
116,1.49E+18,2022/1/27 16:50,2022,1,27,3,16,50,22,Un des meilleurs restaurant cor茅en : le S茅oul Op茅ra m茅tro Pyramides.  #restaurant #restaurantparis #koreanfood�?https://t.co/emzKW1YDUI,18012008,MaitreNem,maitrenem,101,2454,,48.8676,2.33309
10,1.49E+18,2022/1/26 16:52,2022,1,26,2,16,52,8,"Thierry Mugler, Couturissime @ Musée des Arts décoratifs https://t.co/shOwFHdFss",23359000,Nick Februar,Nick_Februar,259,7873,,48.86313,2.332942
34,1.49E+18,2022/1/26 19:37,2022,1,26,2,19,37,18,"Thierry Mugler, Couturissime @ Musée des Arts décoratifs https://t.co/npm7dMkpLi",23359000,Nick Februar,Nick_Februar,259,7876,,48.86313,2.332942
46,1.49E+18,2022/1/26 20:09,2022,1,26,2,20,9,11,"Thierry Mugler, Couturissime @ Musée des Arts décoratifs https://t.co/yjMFoW23cX",23359000,Nick Februar,Nick_Februar,259,7877,,48.86313,2.332942
48,1.49E+18,2022/1/26 20:48,2022,1,26,2,20,48,16,"Thierry Mugler, Couturissime @ Musée des Arts décoratifs https://t.co/i0KkXD4Bze",23359000,Nick Februar,Nick_Februar,259,7878,,48.86313,2.332942
83,1.49E+18,2022/1/27 13:45,2022,1,27,3,13,45,37,Thierry Mugler : Couturissime @ Mus茅e des Arts d茅coratifs https://t.co/hkFU8U8o1R,23359000,Nick Februar,Nick_Februar,259,7882,,48.86313,2.332942
98,1.49E+18,2022/1/27 14:36,2022,1,27,3,14,36,22,"Thierry Mugler, Couturissime @ Mus茅e des Arts d茅coratifs https://t.co/nHw508XnOS",23359000,Nick Februar,Nick_Februar,259,7883,,48.86313,2.332942
117,1.49E+18,2022/1/27 16:51,2022,1,27,3,16,51,40,"Thierry Mugler, Couturissime @ Mus茅e des Arts d茅coratifs https://t.co/NquBzhbDw3",23359000,Nick Februar,Nick_Februar,259,7884,,48.86313,2.332942
130,1.49E+18,2022/1/27 18:52,2022,1,27,3,18,52,21,"Thierry Mugler, Couturissime @ Mus茅e des Arts d茅coratifs https://t.co/Zu0tWfHK28",23359000,Nick Februar,Nick_Februar,259,7886,,48.86313,2.332942
140,1.49E+18,2022/1/27 19:25,2022,1,27,3,19,25,15,"i was really sadden to learn Thierry Mugler passed away.

i feel lucky i got to witness some of his greatest pieces�?https://t.co/zdgT2w9Uoh",223888747,NAmwe,baemwe,979,11894,,48.86313,2.332942
32,1.49E+18,2022/1/26 19:32,2022,1,26,2,19,32,31,Just posted a photo @ Beyoga Paris https://t.co/xGK6kRNxBk,3351969016,beyogaparisofficial,Beyoga_Paris,321,2562,,48.83982,2.3327
33,1.49E+18,2022/1/26 19:35,2022,1,26,2,19,35,4,Just posted a photo @ Beyoga Paris https://t.co/nWrsIAZ1Vd,3351969016,beyogaparisofficial,Beyoga_Paris,321,2563,,48.83982,2.3327
35,1.49E+18,2022/1/26 19:38,2022,1,26,2,19,38,5,Just posted a photo @ Beyoga Paris https://t.co/8RhFJqpI39,3351969016,beyogaparisofficial,Beyoga_Paris,321,2564,,48.83982,2.3327
37,1.49E+18,2022/1/26 19:40,2022,1,26,2,19,40,52,Just posted a photo @ Beyoga Paris https://t.co/ziOkbJRhSc,3351969016,beyogaparisofficial,Beyoga_Paris,321,2565,,48.83982,2.3327
38,1.49E+18,2022/1/26 19:44,2022,1,26,2,19,44,9,Just posted a photo @ Beyoga Paris https://t.co/Vn94ROcxDU,3351969016,beyogaparisofficial,Beyoga_Paris,321,2566,,48.83982,2.3327
125,1.49E+18,2022/1/27 18:31,2022,1,27,3,18,31,54,Just posted a photo @ Beyoga Paris https://t.co/VAEOIQHvo7,3351969016,beyogaparisofficial,Beyoga_Paris,321,2574,,48.83982,2.3327
113,1.49E+18,2022/1/27 16:32,2022,1,27,3,16,32,21,"I'm at Caf�?de Flore in Paris, 脦le-de-France https://t.co/im4Ye8omo7 https://t.co/RKqyiC3LIR",362249179,Reem AlShuwaier,alshuwaierr,135,688,,48.853997,2.332646
5,1.49E+18,2022/1/26 15:10,2022,1,26,2,15,10,53,#MoulinRouge #Paris #AM #❤️ @ Le Moulin Rouge (Officiel) https://t.co/0weqaM5y43,139199453,AmirMafia,AmirMafiaAM,715,156,,48.88402,2.33262
51,1.49E+18,2022/1/26 20:56,2022,1,26,2,20,56,42,"I'm at Coco in Paris, Île-de-France https://t.co/NadJZ7J5al",362249179,Reem AlShuwaier,alshuwaierr,135,686,,48.872102,2.332348
147,1.49E+18,2022/1/27 19:45,2022,1,27,3,19,45,24,Vient de publier une photo �?Galerie MOLIN CORVO https://t.co/qiJZxx5OXq,346747691,galerie Molin Corvo,molincorvo,383,1634,,48.856598,2.331899
92,1.49E+18,2022/1/27 14:12,2022,1,27,3,14,12,5,Az 枚nce bir foto臒raf payla艧t�?@ Casanova Paris https://t.co/lxalzOQ6vp,2759696818,GURMEX,gurmexcom,1164,719,,48.86795,2.33148
7,1.49E+18,2022/1/26 16:38,2022,1,26,2,16,38,29,Публікує світлину (Place Vendôme): https://t.co/jsT6BLKbJH,2284872690,INTERMODELS  MA,SvetLikhtina,146,3150,,48.867333,2.32942
101,1.49E+18,2022/1/27 16:03,2022,1,27,3,16,3,5,Just posted a photo @ Printemps Homme https://t.co/JQJXEC0jip,190333186,dan b.,friendsdan,99,2994,,48.874186,2.328594
96,1.49E+18,2022/1/27 14:27,2022,1,27,3,14,27,30,Vient de publier une photo �?Avenue de Saint-Ouen https://t.co/9FZ6nMdQQN,100155350,Christophe LEAUTEY,chrisleautey,357,2142,,48.893594,2.327637
65,1.49E+18,2022/1/27 12:26,2022,1,27,3,12,26,42,Acabou de publicar uma foto em Mus茅e d'Orsay https://t.co/tRAQ9f1bR4,97780708,Michel M. Carvalho,Michel_MesqCarv,43,4382,,48.859899,2.326572
123,1.49E+18,2022/1/27 17:16,2022,1,27,3,17,16,54,"@lestanins
2022-01-27 �?Les Tanins https://t.co/CPQxYCGlQA",1.43E+18,photo.svkru,photosvkru,6,3099,,48.88046,2.32547
124,1.49E+18,2022/1/27 17:16,2022,1,27,3,17,16,54,"@lestanins
2022-01-27 �?Les Tanins https://t.co/CPQxYCGlQA",1.43E+18,photo.svkru,photosvkru,6,3099,,48.88046,2.32547
82,1.49E+18,2022/1/27 13:45,2022,1,27,3,13,45,31,"I'm at Le Bon March�?in Paris, 脦le-de-France https://t.co/i3dltTLPLI",362249179,Reem AlShuwaier,alshuwaierr,135,687,,48.851091,2.324381
19,1.49E+18,2022/1/26 17:59,2022,1,26,2,17,59,18,Just posted a photo @ Place de la Concorde https://t.co/RPFfzWLMtM,572561802,Sarah 🦋,SarahJBrn,1450,18333,,48.865505,2.321092
148,1.49E+18,2022/1/27 19:46,2022,1,27,3,19,46,24,Vient de publier une photo �?Perception https://t.co/pGeWeP1Yjg,193665435,Adrien Food in Paris,Adrien7575_fr,1355,6585,,48.88942,2.32007
128,1.49E+18,2022/1/27 18:41,2022,1,27,3,18,41,29,"Suggestion! Poisson frit thon atti茅k�?Garba) https://t.co/EyRMU4Txxo 0618941161
 GPS 9 rue Berz茅lius 75017 �?Bisso�?https://t.co/6onIhHuEoL",184806281,Bisso Na Bisso,lebissonabisso,429,6804,,48.89251,2.31827
119,1.49E+18,2022/1/27 17:02,2022,1,27,3,17,2,23,Vient de publier une photo �?Quartier des Batignolles https://t.co/Pu5xKEDdLb,71229311,Envie d'ap茅ro,nathalielielie,1615,4350,,48.8875,2.316667
36,1.49E+18,2022/1/26 19:38,2022,1,26,2,19,38,40,Normandy Four meeting at advisors level ended in Paris after 8.5 hours https://t.co/VkFDw6J9Uq  #Ukraine,2388075212,Liveuamap,Liveuamap,78435,61631,,48.86921,2.31566
127,1.49E+18,2022/1/27 18:40,2022,1,27,3,18,40,57,"Prince de sang-m锚l�?�?Champ 脡lys茅es, Paris. France https://t.co/xCilDXyPXW",4766497755,Kasim,kasimmezbout,567,16491,,48.867961,2.313255
56,1.49E+18,2022/1/26 21:14,2022,1,26,2,21,14,5,"#LesPromesses (@ 7 Batignolles in Paris, Île-de-France) https://t.co/C413UOOiRK https://t.co/bLe5Y6NFAO",63472831,Anthony Bateman 😏,Anthony_Bateman,2629,186254,,48.892517,2.310156
41,1.49E+18,2022/1/26 19:54,2022,1,26,2,19,54,39,Vient de publier une photo à Paris https://t.co/9RDUzA5w3g,7.04E+17,WENHUA DUVERGÉ,Wenhua_Duverge,10,1828,,48.869688,2.308187
139,1.49E+18,2022/1/27 19:23,2022,1,27,3,19,23,14,"Just posted a photo @ Paris, France https://t.co/7hwpvW6Pwg",1270599878,Ger Ger,the_gerger,2932,3486,,48.859075,2.30746
85,1.49E+18,2022/1/27 13:57,2022,1,27,3,13,57,3,Favorite t-shirt/ME 馃尪�?@ Luxembourg https://t.co/N8EDuheTFt,107883588,barrak patt,Hateraid94,278,16815,,48.879697,2.30398
59,1.49E+18,2022/1/26 23:53,2022,1,26,2,23,53,7,"CHANEL HC S²22, January 2022 #CHANELHauteCouture #CHANEL #chanelshow à Grand Palais Éphémère https://t.co/yFTWvH6SSE",74527301,Karl Hab,KarlHab,2302,24309,,48.852892,2.302808
16,1.49E+18,2022/1/26 17:07,2022,1,26,2,17,7,28,"Dior by night �?

.
.
.
.
#dior #hautecouture #fashion #dinner #gigi #merci #paris #parisbynight @ Gigi Restaurant P�?https://t.co/rXbc6vO9ua",319190637,"Dr. Gabriel Chiu - Plastic Surgery, Inc.",ChristineCBling,3689,4830,,48.865938,2.302686
146,1.49E+18,2022/1/27 19:44,2022,1,27,3,19,44,15,Just posted a photo @ Louis Vuitton https://t.co/qvfXdLTu3i,9.38E+17,Carlo and Seb Youtube Channel,CarloandSeb,34,2645,,48.871522,2.300512
86,1.49E+18,2022/1/27 13:57,2022,1,27,3,13,57,23,Beautiful dialogue between dresses by YSL and paintings by #pierrebonnard which inspired the dresses of Yves Saint�?https://t.co/RYSfuAoZFi,121042325,judith benhamou-huet 灞呰拏涓?judithbenhamou,5346,12379,,,48.86442539,2.29787
104,1.49E+18,2022/1/27 16:24,2022,1,27,3,16,24,13,"Most tett k枚zz�?egy f茅nyk茅pet: @Palais Galliera, mus茅e de la Mode de la Ville de Paris https://t.co/G8sNbyvUgj",339730720,Gabor Szakacs,gaborszakacs,108,3434,,48.865915,2.296679
100,1.49E+18,2022/1/27 15:58,2022,1,27,3,15,58,8,Vient de publier une photo �?Arc de Triomphe https://t.co/3EQ3oGzSYi,9.12E+17,Elsa,ElsaMargueritat,11622,292,,48.8738,2.295
22,1.49E+18,2022/1/26 19:10,2022,1,26,2,19,10,45,Vient de publier une photo à Tour Eiffel https://t.co/PB5dejU1C4,2861038929,arty & gastronomy,arty_gastronomy,69,1273,,48.858386,2.294554
29,1.49E+18,2022/1/26 19:12,2022,1,26,2,19,12,46,Acaba de publicar una foto en Tour Eiffel https://t.co/IBiaxPs8bU,622404601,Luis Barbosa V,luisenciclismo,7331,28105,,48.858386,2.294554
54,1.49E+18,2022/1/26 21:12,2022,1,26,2,21,12,50,Foto appena pubblicata @ Tour Eiffel https://t.co/phsJNypO0l,168493071,Angelo Di Guardo,angeldiguardo,1004,7437,,48.858386,2.294554
75,1.49E+18,2022/1/27 13:11,2022,1,27,3,13,11,58,"Lobo hombre en Par铆s �?#danielainparis #gu猫sp贸inparis en Tour Eiffel Paris France, https://t.co/a2TzA8UxbN",622201886,Pd. Te quiero鉂も�?MissAugusto18,1419,20616,,,48.85826922,2.294517
138,1.49E+18,2022/1/27 19:19,2022,1,27,3,19,19,52,Vient de publier une photo �?Paris https://t.co/2QoOQXt2Qu,7.04E+17,WENHUA DUVERG�?Wenhua_Duverge,10,1829,,,48.84219591,2.293733
26,1.49E+18,2022/1/26 19:11,2022,1,26,2,19,11,30,Vient de publier une photo à Porte de Versailles https://t.co/5QZYsH9yNH,2861038929,arty & gastronomy,arty_gastronomy,69,1278,,48.832,2.288
18,1.49E+18,2022/1/26 17:55,2022,1,26,2,17,55,58,Vient de publier une photo à Place Victor-Hugo https://t.co/TbQWbok6Bu,8.76E+17,Atelier George,AtelierGeorge,81,218,,48.8697,2.28533
24,1.49E+18,2022/1/26 19:11,2022,1,26,2,19,11,4,Vient de publier une photo à Fondation Louis Vuitton https://t.co/4yt0ua9NU9,2861038929,arty & gastronomy,arty_gastronomy,69,1275,,48.876558,2.264572
11,1.49E+18,2022/1/26 16:54,2022,1,26,2,16,54,20,Vient de publier une photo à Courbevoie - la Défense https://t.co/05PCQV2X53,52746618,Olivier Merzoug,oliviermerzoug,268,4022,,48.893439,2.25289
91,1.49E+18,2022/1/27 14:06,2022,1,27,3,14,6,9,Ma tite boule favorite �?�?Courbevoie - la D茅fense https://t.co/NAGthbhdA4,2974996576,Lady Julie de la Myrtille 馃珢馃尶�?louhdetech,1253,15465,,,48.89343879,2.25289
109,1.49E+18,2022/1/27 16:29,2022,1,27,3,16,29,7,Vient de publier une photo �?Courbevoie - la D茅fense https://t.co/Ewr2LpMZVA,52746618,Olivier Merzoug,oliviermerzoug,267,4023,,48.893439,2.25289
63,1.49E+18,2022/1/27 12:19,2022,1,27,3,12,19,8,"Vient de publier une photo �?La D茅fense, France https://t.co/2q0pKRx4At",1.44E+18,R茅mi,remthse,32,45,,48.89086,2.23943
